filename,width,height,class,xmin,ymin,xmax,ymax
DJI_0753_MP4-42_jpg.rf.024ae9094c64416b8b996386046d2617.jpg,1910,1074,solar-panels,343,174,438,219
DJI_0753_MP4-42_jpg.rf.024ae9094c64416b8b996386046d2617.jpg,1910,1074,solar-panels,442,164,473,195
DJI_0753_MP4-42_jpg.rf.024ae9094c64416b8b996386046d2617.jpg,1910,1074,solar-panels,122,120,192,200
DJI_0753_MP4-42_jpg.rf.024ae9094c64416b8b996386046d2617.jpg,1910,1074,solar-panels,151,137,232,204
DJI_0753_MP4-42_jpg.rf.024ae9094c64416b8b996386046d2617.jpg,1910,1074,solar-panels,201,160,230,202
DJI_0753_MP4-42_jpg.rf.024ae9094c64416b8b996386046d2617.jpg,1910,1074,solar-panels,205,164,281,220
DJI_0753_MP4-42_jpg.rf.024ae9094c64416b8b996386046d2617.jpg,1910,1074,solar-panels,278,150,298,183
DJI_0753_MP4-42_jpg.rf.024ae9094c64416b8b996386046d2617.jpg,1910,1074,solar-panels,261,210,278,243
DJI_0753_MP4-42_jpg.rf.024ae9094c64416b8b996386046d2617.jpg,1910,1074,solar-panels,747,219,875,285
DJI_0753_MP4-42_jpg.rf.024ae9094c64416b8b996386046d2617.jpg,1910,1074,solar-panels,1660,312,1742,390
DJI_0753_MP4-42_jpg.rf.024ae9094c64416b8b996386046d2617.jpg,1910,1074,solar-panels,1778,330,1821,372
DJI_0753_MP4-42_jpg.rf.024ae9094c64416b8b996386046d2617.jpg,1910,1074,solar-panels,1827,366,1882,387
DJI_0753_MP4-25_jpg.rf.0ae44a6a5f78c9a8b7be0f8725db7f7b.jpg,1772,996,solar-panels,1332,356,1450,434
DJI_0753_MP4-25_jpg.rf.0ae44a6a5f78c9a8b7be0f8725db7f7b.jpg,1772,996,solar-panels,1430,313,1516,378
DJI_0753_MP4-25_jpg.rf.0ae44a6a5f78c9a8b7be0f8725db7f7b.jpg,1772,996,solar-panels,1485,260,1521,310
DJI_0753_MP4-30_jpg.rf.0317241003842357a852fd2bc2c77446.jpg,1820,1022,solar-panels,497,229,552,415
DJI_0753_MP4-30_jpg.rf.0317241003842357a852fd2bc2c77446.jpg,1820,1022,solar-panels,423,26,507,79

DJI_0753_MP4-10_jpg.rf.092679ee462cef9ad041b5e26fbc8c85.jpg,1932,1086,solar-panels,541,334,626,472
DJI_0753_MP4-27_jpg.rf.069aa1f1c4e60ec1833ef10ca7ba2410.jpg,1748,984,solar-panels,5,538,75,631
DJI_0753_MP4-27_jpg.rf.069aa1f1c4e60ec1833ef10ca7ba2410.jpg,1748,984,solar-panels,933,329,1172,515
DJI_0753_MP4-27_jpg.rf.069aa1f1c4e60ec1833ef10ca7ba2410.jpg,1748,984,solar-panels,947,325,1000,414
DJI_0753_MP4-27_jpg.rf.069aa1f1c4e60ec1833ef10ca7ba2410.jpg,1748,984,solar-panels,1002,235,1045,309
DJI_0753_MP4-27_jpg.rf.069aa1f1c4e60ec1833ef10ca7ba2410.jpg,1748,984,solar-panels,882,173,926,250
DJI_0753_MP4-16_jpg.rf.13f156757212b507e0b250da9bb96976.jpg,1898,1068,solar-panels,1176,167,1272,249
DJI_0753_MP4-16_jpg.rf.13f156757212b507e0b250da9bb96976.jpg,1898,1068,solar-panels,1094,198,1170,269
DJI_0753_MP4-16_jpg.rf.13f156757212b507e0b250da9bb96976.jpg,1898,1068,solar-panels,1042,241,1114,311
DJI_0753_MP4-16_jpg.rf.13f156757212b507e0b250da9bb96976.jpg,1898,1068,solar-panels,889,354,1068,423
DJI_0753_MP4-16_jpg.rf.13f156757212b507e0b250da9bb96976.jpg,1898,1068,solar-panels,859,335,921,394
DJI_0753_MP4-16_jpg.rf.13f156757212b507e0b250da9bb96976.jpg,1898,1068,solar-panels,903,92,981,192
DJI_0753_MP4-16_jpg.rf.13f156757212b507e0b250da9bb96976.jpg,1898,1068,solar-panels,1034,40,1050,73
DJI_0753_MP4-16_jpg.rf.13f156757212b507e0b250da9bb96976.jpg,1898,1068,solar-panels,1036,55,1070,86
DJI_0753_MP4-16_jpg.rf.13f156757212b507e0b250da9bb96976.jpg,1898,1068,solar-panels,1048,67,1078,102
DJI_0753_MP4-16_jpg.rf.13f156757212b507e0b250da9bb96976.jpg,1898,1068,solar-panels,1059,79,1086,114
DJI_0753_MP4-16_jpg.rf.13f156757212b507e0b250da9bb96976.jpg,1898,1068,solar-panels,1081,96,1097,128
DJI_0753_MP4-23_jpg.rf.12dad3933742102da03cd16d2fa7cacd.jpg,1700,956,solar-panels,1108,28,1199,144
DJI_0753_MP4-23_jpg.rf.12dad3933742102da03cd16d2fa7cacd.jpg,1700,956,solar-panels,1189,82,1292,163
DJI_0753_MP4-23_jpg.rf.12dad3933742102da03cd16d2fa7cacd.jpg,1700,956,solar-panels,1288,117,1336,147
DJI_0753_MP4-23_jpg.rf.12dad3933742102da03cd16d2fa7cacd.jpg,1700,956,solar-panels,137,792,204,838
DJI_0753_MP4-23_jpg.rf.12dad3933742102da03cd16d2fa7cacd.jpg,1700,956,solar-panels,149,851,217,956
DJI_0753_MP4-23_jpg.rf.12dad3933742102da03cd16d2fa7cacd.jpg,1700,956,solar-panels,109,879,206,952
DJI_0753_MP4-23_jpg.rf.12dad3933742102da03cd16d2fa7cacd.jpg,1700,956,solar-panels,232,897,309,956
DJI_0753_MP4-14_jpg.rf.0d2231a09688b9e3533d0f3c91437378.jpg,1586,892,solar-panels,1553,44,1586,59
DJI_0753_MP4-14_jpg.rf.0d2231a09688b9e3533d0f3c91437378.jpg,1586,892,solar-panels,533,223,565,256
DJI_0753_MP4-14_jpg.rf.0d2231a09688b9e3533d0f3c91437378.jpg,1586,892,solar-panels,485,247,515,291
DJI_0753_MP4-14_jpg.rf.0d2231a09688b9e3533d0f3c91437378.jpg,1586,892,solar-panels,496,277,512,316
DJI_0753_MP4-14_jpg.rf.0d2231a09688b9e3533d0f3c91437378.jpg,1586,892,solar-panels,469,313,558,389
DJI_0753_MP4-14_jpg.rf.0d2231a09688b9e3533d0f3c91437378.jpg,1586,892,solar-panels,655,459,686,474
DJI_0753_MP4-14_jpg.rf.0d2231a09688b9e3533d0f3c91437378.jpg,1586,892,solar-panels,545,536,611,606

DJI_0753_MP4-26_jpg.rf.073f0491e7b0ec3a326c5ddb927cb251.jpg,1712,962,solar-panels,1359,915,1433,958
DJI_0753_MP4-26_jpg.rf.073f0491e7b0ec3a326c5ddb927cb251.jpg,1712,962,solar-panels,1414,872,1511,951
DJI_0753_MP4-26_jpg.rf.073f0491e7b0ec3a326c5ddb927cb251.jpg,1712,962,solar-panels,1475,837,1522,884
DJI_0753_MP4-46_jpg.rf.0d11cb6a56c7808d011aee8afa717ea5.jpg,1700,956,solar-panels,1409,159,1546,284
DJI_0753_MP4-46_jpg.rf.0d11cb6a56c7808d011aee8afa717ea5.jpg,1700,956,solar-panels,1617,504,1698,554
DJI_0753_MP4-13_jpg.rf.075e22ecbc1425a56e4e3dc5794ebcbd.jpg,1662,934,solar-panels,600,100,669,141
DJI_0753_MP4-13_jpg.rf.075e22ecbc1425a56e4e3dc5794ebcbd.jpg,1662,934,solar-panels,1609,888,1661,934
DJI_0753_MP4-13_jpg.rf.075e22ecbc1425a56e4e3dc5794ebcbd.jpg,1662,934,solar-panels,748,881,793,924
DJI_0753_MP4-13_jpg.rf.075e22ecbc1425a56e4e3dc5794ebcbd.jpg,1662,934,solar-panels,784,832,834,918
DJI_0753_MP4-13_jpg.rf.075e22ecbc1425a56e4e3dc5794ebcbd.jpg,1662,934,solar-panels,745,815,784,862
DJI_0753_MP4-13_jpg.rf.075e22ecbc1425a56e4e3dc5794ebcbd.jpg,1662,934,solar-panels,833,810,875,846
DJI_0753_MP4-13_jpg.rf.075e22ecbc1425a56e4e3dc5794ebcbd.jpg,1662,934,solar-panels,744,717,780,786
DJI_0753_MP4-13_jpg.rf.075e22ecbc1425a56e4e3dc5794ebcbd.jpg,1662,934,solar-panels,779,714,832,765
DJI_0753_MP4-13_jpg.rf.075e22ecbc1425a56e4e3dc5794ebcbd.jpg,1662,934,solar-panels,748,624,777,656
DJI_0753_MP4-13_jpg.rf.075e22ecbc1425a56e4e3dc5794ebcbd.jpg,1662,934,solar-panels,778,610,826,649
DJI_0753_MP4-27_jpg.rf.19c7a12ceeff2c5eae8a7701125ed556.jpg,1688,948,solar-panels,842,321,1092,441
DJI_0753_MP4-27_jpg.rf.19c7a12ceeff2c5eae8a7701125ed556.jpg,1688,948,solar-panels,845,293,927,362
DJI_0753_MP4-27_jpg.rf.19c7a12ceeff2c5eae8a7701125ed556.jpg,1688,948,solar-panels,911,193,966,265
DJI_0753_MP4-27_jpg.rf.19c7a12ceeff2c5eae8a7701125ed556.jpg,1688,948,solar-panels,796,129,850,204
DJI_0753_MP4-44_jpg.rf.0ada67da173d51d2b92f8a094f4180b1.jpg,1984,1116,solar-panels,198,936,271,1016
DJI_0753_MP4-44_jpg.rf.0ada67da173d51d2b92f8a094f4180b1.jpg,1984,1116,solar-panels,221,974,319,998
DJI_0753_MP4-44_jpg.rf.0ada67da173d51d2b92f8a094f4180b1.jpg,1984,1116,solar-panels,277,976,309,1017
DJI_0753_MP4-44_jpg.rf.0ada67da173d51d2b92f8a094f4180b1.jpg,1984,1116,solar-panels,310,963,331,1052
DJI_0753_MP4-44_jpg.rf.0ada67da173d51d2b92f8a094f4180b1.jpg,1984,1116,solar-panels,355,966,375,999
DJI_0753_MP4-44_jpg.rf.0ada67da173d51d2b92f8a094f4180b1.jpg,1984,1116,solar-panels,329,1029,364,1058
DJI_0753_MP4-44_jpg.rf.0ada67da173d51d2b92f8a094f4180b1.jpg,1984,1116,solar-panels,433,959,497,1043
DJI_0753_MP4-44_jpg.rf.0ada67da173d51d2b92f8a094f4180b1.jpg,1984,1116,solar-panels,522,968,541,1003
DJI_0753_MP4-44_jpg.rf.0ada67da173d51d2b92f8a094f4180b1.jpg,1984,1116,solar-panels,828,994,939,1116
DJI_0753_MP4-3_jpg.rf.14d04398fad7e4612d8b4519c5f9e713.jpg,1964,1104,solar-panels,846,420,1043,680
DJI_0753_MP4-3_jpg.rf.14d04398fad7e4612d8b4519c5f9e713.jpg,1964,1104,solar-panels,1302,1016,1480,1076
DJI_0753_MP4-3_jpg.rf.14d04398fad7e4612d8b4519c5f9e713.jpg,1964,1104,solar-panels,1248,132,1428,308
DJI_0753_MP4-52_jpg.rf.183d36802ff0f1afa81217bd3e110976.jpg,1676,942,solar-panels,1275,532,1368,636
DJI_0753_MP4-52_jpg.rf.183d36802ff0f1afa81217bd3e110976.jpg,1676,942,solar-panels,1433,496,1509,588
DJI_0753_MP4-52_jpg.rf.183d36802ff0f1afa81217bd3e110976.jpg,1676,942,solar-panels,1632,534,1676,610
DJI_0753_MP4-52_jpg.rf.183d36802ff0f1afa81217bd3e110976.jpg,1676,942,solar-panels,1259,0,1473,273
DJI_0753_MP4-27_jpg.rf.0d25ec1216bc8b824f5688880b700483.jpg,1650,928,solar-panels,19,545,129,622
DJI_0753_MP4-27_jpg.rf.0d25ec1216bc8b824f5688880b700483.jpg,1650,928,solar-panels,992,363,1242,465
DJI_0753_MP4-27_jpg.rf.0d25ec1216bc8b824f5688880b700483.jpg,1650,928,solar-panels,1006,326,1060,402
DJI_0753_MP4-27_jpg.rf.0d25ec1216bc8b824f5688880b700483.jpg,1650,928,solar-panels,1060,221,1113,303
DJI_0753_MP4-27_jpg.rf.0d25ec1216bc8b824f5688880b700483.jpg,1650,928,solar-panels,933,164,1004,235
DJI_0753_MP4-39_jpg.rf.1821281633cb6a6872692e321096eefc.jpg,1612,906,solar-panels,277,194,307,235
DJI_0753_MP4-39_jpg.rf.1821281633cb6a6872692e321096eefc.jpg,1612,906,solar-panels,288,107,341,153
DJI_0753_MP4-39_jpg.rf.1821281633cb6a6872692e321096eefc.jpg,1612,906,solar-panels,350,88,389,136
DJI_0753_MP4-39_jpg.rf.1821281633cb6a6872692e321096eefc.jpg,1612,906,solar-panels,422,0,461,89
DJI_0753_MP4-39_jpg.rf.1821281633cb6a6872692e321096eefc.jpg,1612,906,solar-panels,90,121,154,180
DJI_0753_MP4-39_jpg.rf.1821281633cb6a6872692e321096eefc.jpg,1612,906,solar-panels,88,192,128,245
DJI_0753_MP4-2_jpg.rf.2175e2b02d3016d62c7cba5efd76e95b.jpg,2006,1128,solar-panels,1459,380,1540,559
DJI_0753_MP4-2_jpg.rf.2175e2b02d3016d62c7cba5efd76e95b.jpg,2006,1128,solar-panels,1817,1062,1827,1085
DJI_0753_MP4-2_jpg.rf.2175e2b02d3016d62c7cba5efd76e95b.jpg,2006,1128,solar-panels,1893,1037,1928,1111
DJI_0753_MP4-2_jpg.rf.2175e2b02d3016d62c7cba5efd76e95b.jpg,2006,1128,solar-panels,1855,1066,1894,1101
DJI_0753_MP4-2_jpg.rf.2175e2b02d3016d62c7cba5efd76e95b.jpg,2006,1128,solar-panels,1892,1076,1930,1111
DJI_0753_MP4-2_jpg.rf.2175e2b02d3016d62c7cba5efd76e95b.jpg,2006,1128,solar-panels,1889,1068,1915,1128
DJI_0753_MP4-2_jpg.rf.2175e2b02d3016d62c7cba5efd76e95b.jpg,2006,1128,solar-panels,1023,909,1135,1105
DJI_0753_MP4-2_jpg.rf.2175e2b02d3016d62c7cba5efd76e95b.jpg,2006,1128,solar-panels,724,1062,798,1111
DJI_0753_MP4-2_jpg.rf.2175e2b02d3016d62c7cba5efd76e95b.jpg,2006,1128,solar-panels,991,8,1108,104
DJI_0753_MP4-44_jpg.rf.1fcefad4f1cd193c42dca1465a7aaa4a.jpg,1996,1122,solar-panels,229,964,324,1012
DJI_0753_MP4-44_jpg.rf.1fcefad4f1cd193c42dca1465a7aaa4a.jpg,1996,1122,solar-panels,285,950,336,1045
DJI_0753_MP4-44_jpg.rf.1fcefad4f1cd193c42dca1465a7aaa4a.jpg,1996,1122,solar-panels,311,999,357,1018
DJI_0753_MP4-44_jpg.rf.1fcefad4f1cd193c42dca1465a7aaa4a.jpg,1996,1122,solar-panels,323,995,401,1045
DJI_0753_MP4-44_jpg.rf.1fcefad4f1cd193c42dca1465a7aaa4a.jpg,1996,1122,solar-panels,389,987,425,1002
DJI_0753_MP4-44_jpg.rf.1fcefad4f1cd193c42dca1465a7aaa4a.jpg,1996,1122,solar-panels,380,1038,395,1073
DJI_0753_MP4-44_jpg.rf.1fcefad4f1cd193c42dca1465a7aaa4a.jpg,1996,1122,solar-panels,458,990,554,1038
DJI_0753_MP4-44_jpg.rf.1fcefad4f1cd193c42dca1465a7aaa4a.jpg,1996,1122,solar-panels,553,982,591,1012
DJI_0753_MP4-44_jpg.rf.1fcefad4f1cd193c42dca1465a7aaa4a.jpg,1996,1122,solar-panels,870,1007,972,1122
DJI_0753_MP4-13_jpg.rf.1f6b087c78f356a48e7cf62b885d1eef.jpg,1820,1022,solar-panels,414,0,470,51
DJI_0753_MP4-13_jpg.rf.1f6b087c78f356a48e7cf62b885d1eef.jpg,1820,1022,solar-panels,486,204,554,253
DJI_0753_MP4-13_jpg.rf.1f6b087c78f356a48e7cf62b885d1eef.jpg,1820,1022,solar-panels,642,983,666,1020
DJI_0753_MP4-13_jpg.rf.1f6b087c78f356a48e7cf62b885d1eef.jpg,1820,1022,solar-panels,657,941,731,1009
DJI_0753_MP4-13_jpg.rf.1f6b087c78f356a48e7cf62b885d1eef.jpg,1820,1022,solar-panels,624,922,672,969
DJI_0753_MP4-13_jpg.rf.1f6b087c78f356a48e7cf62b885d1eef.jpg,1820,1022,solar-panels,719,923,763,949
DJI_0753_MP4-13_jpg.rf.1f6b087c78f356a48e7cf62b885d1eef.jpg,1820,1022,solar-panels,621,830,684,893
DJI_0753_MP4-13_jpg.rf.1f6b087c78f356a48e7cf62b885d1eef.jpg,1820,1022,solar-panels,674,820,703,874
DJI_0753_MP4-13_jpg.rf.1f6b087c78f356a48e7cf62b885d1eef.jpg,1820,1022,solar-panels,629,732,663,760
DJI_0753_MP4-13_jpg.rf.1f6b087c78f356a48e7cf62b885d1eef.jpg,1820,1022,solar-panels,655,708,717,756
DJI_0753_MP4-8_jpg.rf.246afa75543cacfbb1eb2538c37d002e.jpg,1864,1048,solar-panels,1108,943,1244,1027

DJI_0753_MP4-33_jpg.rf.25160c617e9394635f90bae7bc28b4b4.jpg,2016,1134,solar-panels,1137,1062,1190,1131
DJI_0753_MP4-21_jpg.rf.2dd9bd64edabcad8b09b4bb1542a04e4.jpg,1748,984,solar-panels,629,354,738,458
DJI_0753_MP4-21_jpg.rf.2dd9bd64edabcad8b09b4bb1542a04e4.jpg,1748,984,solar-panels,686,311,785,424

DJI_0753_MP4-30_jpg.rf.21787bd0f77df7a1681bed2278132315.jpg,1964,1104,solar-panels,523,338,709,454
DJI_0753_MP4-30_jpg.rf.21787bd0f77df7a1681bed2278132315.jpg,1964,1104,solar-panels,518,93,597,160
DJI_0753_MP4-12_jpg.rf.23306c637b5c30f602c40c1bb7a6fc94.jpg,1748,984,solar-panels,1538,804,1675,910
DJI_0753_MP4-12_jpg.rf.23306c637b5c30f602c40c1bb7a6fc94.jpg,1748,984,solar-panels,595,11,663,56
DJI_0753_MP4-12_jpg.rf.23306c637b5c30f602c40c1bb7a6fc94.jpg,1748,984,solar-panels,739,525,766,559
DJI_0753_MP4-12_jpg.rf.23306c637b5c30f602c40c1bb7a6fc94.jpg,1748,984,solar-panels,767,508,816,554
DJI_0753_MP4-12_jpg.rf.23306c637b5c30f602c40c1bb7a6fc94.jpg,1748,984,solar-panels,768,616,822,665
DJI_0753_MP4-12_jpg.rf.23306c637b5c30f602c40c1bb7a6fc94.jpg,1748,984,solar-panels,735,620,774,687
DJI_0753_MP4-12_jpg.rf.23306c637b5c30f602c40c1bb7a6fc94.jpg,1748,984,solar-panels,731,720,777,758
DJI_0753_MP4-12_jpg.rf.23306c637b5c30f602c40c1bb7a6fc94.jpg,1748,984,solar-panels,830,713,866,752
DJI_0753_MP4-12_jpg.rf.23306c637b5c30f602c40c1bb7a6fc94.jpg,1748,984,solar-panels,758,758,848,785
DJI_0753_MP4-12_jpg.rf.23306c637b5c30f602c40c1bb7a6fc94.jpg,1748,984,solar-panels,746,779,775,822
DJI_0753_MP4-12_jpg.rf.23306c637b5c30f602c40c1bb7a6fc94.jpg,1748,984,solar-panels,749,852,803,981
DJI_0753_MP4-11_jpg.rf.2c258e6ffb4c86038a3acd1c5cd80b02.jpg,1724,970,solar-panels,456,816,521,955
DJI_0753_MP4-11_jpg.rf.2c258e6ffb4c86038a3acd1c5cd80b02.jpg,1724,970,solar-panels,280,12,387,117
DJI_0753_MP4-11_jpg.rf.2c258e6ffb4c86038a3acd1c5cd80b02.jpg,1724,970,solar-panels,434,13,456,58
DJI_0753_MP4-11_jpg.rf.2c258e6ffb4c86038a3acd1c5cd80b02.jpg,1724,970,solar-panels,483,0,530,46
DJI_0753_MP4-11_jpg.rf.2c258e6ffb4c86038a3acd1c5cd80b02.jpg,1724,970,solar-panels,448,34,499,121
DJI_0753_MP4-11_jpg.rf.2c258e6ffb4c86038a3acd1c5cd80b02.jpg,1724,970,solar-panels,576,0,606,47
DJI_0753_MP4-11_jpg.rf.2c258e6ffb4c86038a3acd1c5cd80b02.jpg,1724,970,solar-panels,581,26,637,74
DJI_0753_MP4-11_jpg.rf.2c258e6ffb4c86038a3acd1c5cd80b02.jpg,1724,970,solar-panels,699,0,705,15
DJI_0753_MP4-11_jpg.rf.2c258e6ffb4c86038a3acd1c5cd80b02.jpg,1724,970,solar-panels,687,19,746,65
DJI_0753_MP4-11_jpg.rf.2c258e6ffb4c86038a3acd1c5cd80b02.jpg,1724,970,solar-panels,509,84,539,107
DJI_0753_MP4-38_jpg.rf.2728b7f9cd8e701f22f281e7d1f4983d.jpg,1920,1080,solar-panels,1625,792,1687,945
DJI_0753_MP4-47_jpg.rf.3fb27c679054d2c6b08677433d2980dc.jpg,1650,928,solar-panels,1542,768,1650,855
DJI_0753_MP4-1_jpg.rf.2371c1c071b4f45935b118d5cd0b8ac2.jpg,1996,1122,solar-panels,762,549,843,589
DJI_0753_MP4-1_jpg.rf.2371c1c071b4f45935b118d5cd0b8ac2.jpg,1996,1122,solar-panels,836,623,904,668
DJI_0753_MP4-1_jpg.rf.2371c1c071b4f45935b118d5cd0b8ac2.jpg,1996,1122,solar-panels,864,766,941,810
DJI_0753_MP4-1_jpg.rf.2371c1c071b4f45935b118d5cd0b8ac2.jpg,1996,1122,solar-panels,827,922,912,1020
DJI_0753_MP4-1_jpg.rf.2371c1c071b4f45935b118d5cd0b8ac2.jpg,1996,1122,solar-panels,1572,987,1716,1122
DJI_0753_MP4-1_jpg.rf.2371c1c071b4f45935b118d5cd0b8ac2.jpg,1996,1122,solar-panels,1883,600,1970,673
DJI_0753_MP4-1_jpg.rf.2371c1c071b4f45935b118d5cd0b8ac2.jpg,1996,1122,solar-panels,1903,534,1988,605
DJI_0753_MP4-1_jpg.rf.2371c1c071b4f45935b118d5cd0b8ac2.jpg,1996,1122,solar-panels,1906,497,1980,548
DJI_0753_MP4-1_jpg.rf.2371c1c071b4f45935b118d5cd0b8ac2.jpg,1996,1122,solar-panels,1863,499,1878,522
DJI_0753_MP4-1_jpg.rf.2371c1c071b4f45935b118d5cd0b8ac2.jpg,1996,1122,solar-panels,1940,470,1979,541
DJI_0753_MP4-1_jpg.rf.2371c1c071b4f45935b118d5cd0b8ac2.jpg,1996,1122,solar-panels,1090,364,1172,586
DJI_0753_MP4-17_jpg.rf.22e284b060d7490329f3e35d8223a929.jpg,2006,1128,solar-panels,1936,215,2005,308
DJI_0753_MP4-17_jpg.rf.22e284b060d7490329f3e35d8223a929.jpg,2006,1128,solar-panels,1188,873,1282,957
DJI_0753_MP4-17_jpg.rf.22e284b060d7490329f3e35d8223a929.jpg,2006,1128,solar-panels,1111,899,1183,976
DJI_0753_MP4-17_jpg.rf.22e284b060d7490329f3e35d8223a929.jpg,2006,1128,solar-panels,1064,955,1123,1004
DJI_0753_MP4-17_jpg.rf.22e284b060d7490329f3e35d8223a929.jpg,2006,1128,solar-panels,878,1034,939,1087
DJI_0753_MP4-17_jpg.rf.22e284b060d7490329f3e35d8223a929.jpg,2006,1128,solar-panels,930,1008,1053,1114
DJI_0753_MP4-17_jpg.rf.22e284b060d7490329f3e35d8223a929.jpg,2006,1128,solar-panels,1040,746,1075,776
DJI_0753_MP4-17_jpg.rf.22e284b060d7490329f3e35d8223a929.jpg,2006,1128,solar-panels,1055,758,1080,792
DJI_0753_MP4-17_jpg.rf.22e284b060d7490329f3e35d8223a929.jpg,2006,1128,solar-panels,1070,773,1086,804
DJI_0753_MP4-17_jpg.rf.22e284b060d7490329f3e35d8223a929.jpg,2006,1128,solar-panels,1074,785,1102,818
DJI_0753_MP4-17_jpg.rf.22e284b060d7490329f3e35d8223a929.jpg,2006,1128,solar-panels,1092,799,1117,832
DJI_0753_MP4-17_jpg.rf.22e284b060d7490329f3e35d8223a929.jpg,2006,1128,solar-panels,911,806,1005,895
DJI_0753_MP4-25_jpg.rf.3382c682f9dbaa26c4f0cadfb05f4bd3.jpg,1638,920,solar-panels,1343,267,1416,384
DJI_0753_MP4-25_jpg.rf.3382c682f9dbaa26c4f0cadfb05f4bd3.jpg,1638,920,solar-panels,1422,213,1501,315
DJI_0753_MP4-25_jpg.rf.3382c682f9dbaa26c4f0cadfb05f4bd3.jpg,1638,920,solar-panels,1472,188,1523,237
DJI_0753_MP4-17_jpg.rf.3f84e98373e4e9c4592677ec53144d1d.jpg,1820,1022,solar-panels,1115,789,1201,883
DJI_0753_MP4-17_jpg.rf.3f84e98373e4e9c4592677ec53144d1d.jpg,1820,1022,solar-panels,1032,827,1107,893
DJI_0753_MP4-17_jpg.rf.3f84e98373e4e9c4592677ec53144d1d.jpg,1820,1022,solar-panels,992,876,1042,927
DJI_0753_MP4-17_jpg.rf.3f84e98373e4e9c4592677ec53144d1d.jpg,1820,1022,solar-panels,806,955,856,1011
DJI_0753_MP4-17_jpg.rf.3f84e98373e4e9c4592677ec53144d1d.jpg,1820,1022,solar-panels,865,926,959,1019
DJI_0753_MP4-17_jpg.rf.3f84e98373e4e9c4592677ec53144d1d.jpg,1820,1022,solar-panels,963,669,998,697
DJI_0753_MP4-17_jpg.rf.3f84e98373e4e9c4592677ec53144d1d.jpg,1820,1022,solar-panels,974,683,1007,710
DJI_0753_MP4-17_jpg.rf.3f84e98373e4e9c4592677ec53144d1d.jpg,1820,1022,solar-panels,988,693,1014,728
DJI_0753_MP4-17_jpg.rf.3f84e98373e4e9c4592677ec53144d1d.jpg,1820,1022,solar-panels,994,711,1027,736
DJI_0753_MP4-17_jpg.rf.3f84e98373e4e9c4592677ec53144d1d.jpg,1820,1022,solar-panels,1010,724,1045,752
DJI_0753_MP4-17_jpg.rf.3f84e98373e4e9c4592677ec53144d1d.jpg,1820,1022,solar-panels,847,726,916,819
DJI_0753_MP4-4_jpg.rf.2bf471091ab66bbccfa89c07f41c677d.jpg,1724,970,solar-panels,1075,680,1163,875
DJI_0753_MP4-4_jpg.rf.2bf471091ab66bbccfa89c07f41c677d.jpg,1724,970,solar-panels,1312,3,1372,82
DJI_0753_MP4-18_jpg.rf.3449530df4916749975bdf206e7a45b3.jpg,1996,1122,solar-panels,1874,855,1970,976
DJI_0753_MP4-18_jpg.rf.3449530df4916749975bdf206e7a45b3.jpg,1996,1122,solar-panels,1556,0,1579,13
DJI_0753_MP4-18_jpg.rf.3449530df4916749975bdf206e7a45b3.jpg,1996,1122,solar-panels,624,418,718,505
DJI_0753_MP4-18_jpg.rf.3449530df4916749975bdf206e7a45b3.jpg,1996,1122,solar-panels,657,481,742,561
DJI_0753_MP4-18_jpg.rf.3449530df4916749975bdf206e7a45b3.jpg,1996,1122,solar-panels,789,452,860,561
DJI_0753_MP4-23_jpg.rf.40b3131f2f05b869457b44424db2478e.jpg,1612,906,solar-panels,1361,135,1469,227
DJI_0753_MP4-23_jpg.rf.40b3131f2f05b869457b44424db2478e.jpg,1612,906,solar-panels,1446,167,1527,275
DJI_0753_MP4-23_jpg.rf.40b3131f2f05b869457b44424db2478e.jpg,1612,906,solar-panels,1542,211,1590,245
DJI_0753_MP4-23_jpg.rf.40b3131f2f05b869457b44424db2478e.jpg,1612,906,solar-panels,428,879,450,906
DJI_0753_MP4-18_jpg.rf.3494391e0728e919bd3f23fa7ea9730f.jpg,1760,990,solar-panels,1655,856,1760,920
DJI_0753_MP4-18_jpg.rf.3494391e0728e919bd3f23fa7ea9730f.jpg,1760,990,solar-panels,412,411,506,498
DJI_0753_MP4-18_jpg.rf.3494391e0728e919bd3f23fa7ea9730f.jpg,1760,990,solar-panels,440,468,531,552
DJI_0753_MP4-18_jpg.rf.3494391e0728e919bd3f23fa7ea9730f.jpg,1760,990,solar-panels,562,452,671,530
DJI_0753_MP4-11_jpg.rf.3b570b41f47420a6c5cec7daa7b8c014.jpg,1808,1016,solar-panels,412,829,538,946
DJI_0753_MP4-11_jpg.rf.3b570b41f47420a6c5cec7daa7b8c014.jpg,1808,1016,solar-panels,301,2,338,128
DJI_0753_MP4-11_jpg.rf.3b570b41f47420a6c5cec7daa7b8c014.jpg,1808,1016,solar-panels,421,14,443,60
DJI_0753_MP4-11_jpg.rf.3b570b41f47420a6c5cec7daa7b8c014.jpg,1808,1016,solar-panels,469,4,517,44
DJI_0753_MP4-11_jpg.rf.3b570b41f47420a6c5cec7daa7b8c014.jpg,1808,1016,solar-panels,422,63,509,93
DJI_0753_MP4-11_jpg.rf.3b570b41f47420a6c5cec7daa7b8c014.jpg,1808,1016,solar-panels,553,3,597,49
DJI_0753_MP4-11_jpg.rf.3b570b41f47420a6c5cec7daa7b8c014.jpg,1808,1016,solar-panels,582,24,608,79
DJI_0753_MP4-11_jpg.rf.3b570b41f47420a6c5cec7daa7b8c014.jpg,1808,1016,solar-panels,676,0,702,11
DJI_0753_MP4-11_jpg.rf.3b570b41f47420a6c5cec7daa7b8c014.jpg,1808,1016,solar-panels,674,20,733,67
DJI_0753_MP4-11_jpg.rf.3b570b41f47420a6c5cec7daa7b8c014.jpg,1808,1016,solar-panels,496,86,526,109
DJI_0753_MP4-11_jpg.rf.3e6a15af1c511b67b2e9a24105d1550b.jpg,1772,996,solar-panels,346,793,480,889
DJI_0753_MP4-11_jpg.rf.3e6a15af1c511b67b2e9a24105d1550b.jpg,1772,996,solar-panels,1734,669,1770,711
DJI_0753_MP4-11_jpg.rf.3e6a15af1c511b67b2e9a24105d1550b.jpg,1772,996,solar-panels,217,1,297,80
DJI_0753_MP4-11_jpg.rf.3e6a15af1c511b67b2e9a24105d1550b.jpg,1772,996,solar-panels,366,5,447,67
DJI_0753_MP4-11_jpg.rf.3e6a15af1c511b67b2e9a24105d1550b.jpg,1772,996,solar-panels,519,0,548,37
DJI_0753_MP4-11_jpg.rf.3e6a15af1c511b67b2e9a24105d1550b.jpg,1772,996,solar-panels,434,39,461,65
DJI_0753_MP4-22_jpg.rf.30ece40c84afdcb0d6dfaad736a7302e.jpg,1898,1068,solar-panels,347,183,398,243
DJI_0753_MP4-22_jpg.rf.30ece40c84afdcb0d6dfaad736a7302e.jpg,1898,1068,solar-panels,348,244,403,356
DJI_0753_MP4-22_jpg.rf.30ece40c84afdcb0d6dfaad736a7302e.jpg,1898,1068,solar-panels,318,288,417,392
DJI_0753_MP4-22_jpg.rf.30ece40c84afdcb0d6dfaad736a7302e.jpg,1898,1068,solar-panels,431,285,505,369
DJI_0753_MP4-15_jpg.rf.40f3b0f884a717783a9a851f82c59d35.jpg,1920,1080,solar-panels,599,1007,667,1077
DJI_0753_MP4-15_jpg.rf.40f3b0f884a717783a9a851f82c59d35.jpg,1920,1080,solar-panels,710,933,741,955
DJI_0753_MP4-15_jpg.rf.40f3b0f884a717783a9a851f82c59d35.jpg,1920,1080,solar-panels,523,790,621,860
DJI_0753_MP4-15_jpg.rf.40f3b0f884a717783a9a851f82c59d35.jpg,1920,1080,solar-panels,549,754,587,781
DJI_0753_MP4-15_jpg.rf.40f3b0f884a717783a9a851f82c59d35.jpg,1920,1080,solar-panels,552,727,587,754
DJI_0753_MP4-15_jpg.rf.40f3b0f884a717783a9a851f82c59d35.jpg,1920,1080,solar-panels,603,703,629,728
DJI_0753_MP4-22_jpg.rf.385a29874512851677219550f6b996ae.jpg,2036,1146,solar-panels,458,212,526,245
DJI_0753_MP4-22_jpg.rf.385a29874512851677219550f6b996ae.jpg,2036,1146,solar-panels,445,283,562,333
DJI_0753_MP4-22_jpg.rf.385a29874512851677219550f6b996ae.jpg,2036,1146,solar-panels,452,296,522,410
DJI_0753_MP4-22_jpg.rf.385a29874512851677219550f6b996ae.jpg,2036,1146,solar-panels,558,302,634,378
DJI_0753_MP4-4_jpg.rf.40fb3ae07558f6975e933016347cf52a.jpg,2026,1140,solar-panels,910,983,1022,1140
DJI_0753_MP4-4_jpg.rf.40fb3ae07558f6975e933016347cf52a.jpg,2026,1140,solar-panels,1291,704,1418,904
DJI_0753_MP4-4_jpg.rf.40fb3ae07558f6975e933016347cf52a.jpg,2026,1140,solar-panels,1512,0,1643,81
DJI_0753_MP4-26_jpg.rf.41bd3200a907a1f2bd7d8bcd203e32f3.jpg,1712,962,solar-panels,1303,870,1405,934
DJI_0753_MP4-26_jpg.rf.41bd3200a907a1f2bd7d8bcd203e32f3.jpg,1712,962,solar-panels,1393,801,1465,894
DJI_0753_MP4-26_jpg.rf.41bd3200a907a1f2bd7d8bcd203e32f3.jpg,1712,962,solar-panels,1444,767,1493,812
DJI_0753_MP4-43_jpg.rf.4ae0a481c1cd4a1bfcd387cb5d103fc2.jpg,1676,942,solar-panels,0,480,23,562
DJI_0753_MP4-43_jpg.rf.4ae0a481c1cd4a1bfcd387cb5d103fc2.jpg,1676,942,solar-panels,35,484,70,505
DJI_0753_MP4-43_jpg.rf.4ae0a481c1cd4a1bfcd387cb5d103fc2.jpg,1676,942,solar-panels,16,544,50,564
DJI_0753_MP4-43_jpg.rf.4ae0a481c1cd4a1bfcd387cb5d103fc2.jpg,1676,942,solar-panels,128,475,178,564
DJI_0753_MP4-43_jpg.rf.4ae0a481c1cd4a1bfcd387cb5d103fc2.jpg,1676,942,solar-panels,207,485,232,522
DJI_0753_MP4-43_jpg.rf.4ae0a481c1cd4a1bfcd387cb5d103fc2.jpg,1676,942,solar-panels,502,519,642,642
DJI_0753_MP4-43_jpg.rf.4ae0a481c1cd4a1bfcd387cb5d103fc2.jpg,1676,942,solar-panels,1410,653,1507,705
DJI_0753_MP4-43_jpg.rf.4ae0a481c1cd4a1bfcd387cb5d103fc2.jpg,1676,942,solar-panels,1538,654,1574,704
DJI_0753_MP4-43_jpg.rf.4ae0a481c1cd4a1bfcd387cb5d103fc2.jpg,1676,942,solar-panels,1587,680,1635,734
DJI_0753_MP4-43_jpg.rf.4ae0a481c1cd4a1bfcd387cb5d103fc2.jpg,1676,942,solar-panels,1660,650,1676,666
DJI_0753_MP4-2_jpg.rf.4711fbdd6b509dd730845d6f571310be.jpg,1864,1048,solar-panels,1394,397,1574,494
DJI_0753_MP4-2_jpg.rf.4711fbdd6b509dd730845d6f571310be.jpg,1864,1048,solar-panels,1799,1038,1808,1048
DJI_0753_MP4-2_jpg.rf.4711fbdd6b509dd730845d6f571310be.jpg,1864,1048,solar-panels,967,916,1158,1048
DJI_0753_MP4-2_jpg.rf.4711fbdd6b509dd730845d6f571310be.jpg,1864,1048,solar-panels,987,0,1078,92
DJI_0753_MP4-16_jpg.rf.65cf89cf13d040c475c5a7f3e3481a32.jpg,1676,942,solar-panels,977,170,1073,238
DJI_0753_MP4-16_jpg.rf.65cf89cf13d040c475c5a7f3e3481a32.jpg,1676,942,solar-panels,895,185,973,273
DJI_0753_MP4-16_jpg.rf.65cf89cf13d040c475c5a7f3e3481a32.jpg,1676,942,solar-panels,849,241,911,305
DJI_0753_MP4-16_jpg.rf.65cf89cf13d040c475c5a7f3e3481a32.jpg,1676,942,solar-panels,685,347,874,422
DJI_0753_MP4-16_jpg.rf.65cf89cf13d040c475c5a7f3e3481a32.jpg,1676,942,solar-panels,667,334,718,386
DJI_0753_MP4-16_jpg.rf.65cf89cf13d040c475c5a7f3e3481a32.jpg,1676,942,solar-panels,704,87,784,188
DJI_0753_MP4-16_jpg.rf.65cf89cf13d040c475c5a7f3e3481a32.jpg,1676,942,solar-panels,827,37,861,68
DJI_0753_MP4-16_jpg.rf.65cf89cf13d040c475c5a7f3e3481a32.jpg,1676,942,solar-panels,844,48,866,83
DJI_0753_MP4-16_jpg.rf.65cf89cf13d040c475c5a7f3e3481a32.jpg,1676,942,solar-panels,848,65,883,95
DJI_0753_MP4-16_jpg.rf.65cf89cf13d040c475c5a7f3e3481a32.jpg,1676,942,solar-panels,857,81,892,106
DJI_0753_MP4-16_jpg.rf.65cf89cf13d040c475c5a7f3e3481a32.jpg,1676,942,solar-panels,879,90,905,125
DJI_0753_MP4-18_jpg.rf.585e9eff9471cdbbb1fb799bad851ed7.jpg,1676,942,solar-panels,481,332,578,419
DJI_0753_MP4-18_jpg.rf.585e9eff9471cdbbb1fb799bad851ed7.jpg,1676,942,solar-panels,521,386,594,470
DJI_0753_MP4-18_jpg.rf.585e9eff9471cdbbb1fb799bad851ed7.jpg,1676,942,solar-panels,639,378,736,457
DJI_0753_MP4-20_jpg.rf.422e92108126ce8bfa36789122793bb8.jpg,2006,1128,solar-panels,1104,63,1266,181

DJI_0753_MP4-21_jpg.rf.55f375a8bb5905b20cc1a7a535776d43.jpg,2026,1140,solar-panels,729,469,782,584
DJI_0753_MP4-21_jpg.rf.55f375a8bb5905b20cc1a7a535776d43.jpg,2026,1140,solar-panels,745,456,867,519

DJI_0753_MP4-51_jpg.rf.6816ee9632178b2da8c41b72288c4607.jpg,2006,1128,solar-panels,1883,34,2006,140
DJI_0753_MP4-12_jpg.rf.5f4bb17fcae5978e6f12db22649a5eeb.jpg,1676,942,solar-panels,1344,903,1388,942
DJI_0753_MP4-12_jpg.rf.5f4bb17fcae5978e6f12db22649a5eeb.jpg,1676,942,solar-panels,340,111,417,171
DJI_0753_MP4-12_jpg.rf.5f4bb17fcae5978e6f12db22649a5eeb.jpg,1676,942,solar-panels,485,639,518,671
DJI_0753_MP4-12_jpg.rf.5f4bb17fcae5978e6f12db22649a5eeb.jpg,1676,942,solar-panels,513,621,571,672
DJI_0753_MP4-12_jpg.rf.5f4bb17fcae5978e6f12db22649a5eeb.jpg,1676,942,solar-panels,527,723,564,782
DJI_0753_MP4-12_jpg.rf.5f4bb17fcae5978e6f12db22649a5eeb.jpg,1676,942,solar-panels,467,737,533,793
DJI_0753_MP4-12_jpg.rf.5f4bb17fcae5978e6f12db22649a5eeb.jpg,1676,942,solar-panels,479,826,526,875
DJI_0753_MP4-12_jpg.rf.5f4bb17fcae5978e6f12db22649a5eeb.jpg,1676,942,solar-panels,580,817,610,861
DJI_0753_MP4-12_jpg.rf.5f4bb17fcae5978e6f12db22649a5eeb.jpg,1676,942,solar-panels,520,840,576,921
DJI_0753_MP4-12_jpg.rf.5f4bb17fcae5978e6f12db22649a5eeb.jpg,1676,942,solar-panels,484,897,535,928
DJI_0753_MP4-21_jpg.rf.5e5b8c2a3b3557083db8ac2577fd4709.jpg,1724,970,solar-panels,745,304,801,422
DJI_0753_MP4-21_jpg.rf.5e5b8c2a3b3557083db8ac2577fd4709.jpg,1724,970,solar-panels,766,276,882,371

DJI_0753_MP4-52_jpg.rf.596f7b7166c41c28334b9a2531607b83.jpg,1700,956,solar-panels,1067,603,1128,714
DJI_0753_MP4-52_jpg.rf.596f7b7166c41c28334b9a2531607b83.jpg,1700,956,solar-panels,1219,562,1286,654
DJI_0753_MP4-52_jpg.rf.596f7b7166c41c28334b9a2531607b83.jpg,1700,956,solar-panels,1421,589,1487,698
DJI_0753_MP4-52_jpg.rf.596f7b7166c41c28334b9a2531607b83.jpg,1700,956,solar-panels,1005,124,1297,276
DJI_0753_MP4-52_jpg.rf.596f7b7166c41c28334b9a2531607b83.jpg,1700,956,solar-panels,1605,738,1700,818

DJI_0753_MP4-37_jpg.rf.526aa5b2a540742e0b16a1d757cf02b9.jpg,1876,1054,solar-panels,1601,290,1673,434
DJI_0753_MP4-38_jpg.rf.41b655379153450d8528e8e2a15a5bcc.jpg,1662,934,solar-panels,1541,818,1628,934
DJI_0753_MP4-19_jpg.rf.4fec1d8057cd7d9922ec4ed71f090f6f.jpg,1772,996,solar-panels,1390,627,1439,676
DJI_0753_MP4-43_jpg.rf.6b5521891c1ac2d6698f3c804083159c.jpg,1854,1042,solar-panels,51,499,127,572
DJI_0753_MP4-43_jpg.rf.6b5521891c1ac2d6698f3c804083159c.jpg,1854,1042,solar-panels,76,533,171,557
DJI_0753_MP4-43_jpg.rf.6b5521891c1ac2d6698f3c804083159c.jpg,1854,1042,solar-panels,139,534,156,576
DJI_0753_MP4-43_jpg.rf.6b5521891c1ac2d6698f3c804083159c.jpg,1854,1042,solar-panels,141,533,208,602
DJI_0753_MP4-43_jpg.rf.6b5521891c1ac2d6698f3c804083159c.jpg,1854,1042,solar-panels,203,535,236,550
DJI_0753_MP4-43_jpg.rf.6b5521891c1ac2d6698f3c804083159c.jpg,1854,1042,solar-panels,185,587,216,618
DJI_0753_MP4-43_jpg.rf.6b5521891c1ac2d6698f3c804083159c.jpg,1854,1042,solar-panels,272,554,368,581
DJI_0753_MP4-43_jpg.rf.6b5521891c1ac2d6698f3c804083159c.jpg,1854,1042,solar-panels,368,540,405,563
DJI_0753_MP4-43_jpg.rf.6b5521891c1ac2d6698f3c804083159c.jpg,1854,1042,solar-panels,702,559,773,693
DJI_0753_MP4-43_jpg.rf.6b5521891c1ac2d6698f3c804083159c.jpg,1854,1042,solar-panels,1575,705,1674,738
DJI_0753_MP4-43_jpg.rf.6b5521891c1ac2d6698f3c804083159c.jpg,1854,1042,solar-panels,1699,710,1748,743
DJI_0753_MP4-43_jpg.rf.6b5521891c1ac2d6698f3c804083159c.jpg,1854,1042,solar-panels,1754,727,1802,780
DJI_0753_MP4-43_jpg.rf.6b5521891c1ac2d6698f3c804083159c.jpg,1854,1042,solar-panels,1831,691,1854,722
DJI_0753_MP4-10_jpg.rf.6d735b74115e77ebb7b4c2ba6841c07a.jpg,1920,1080,solar-panels,530,361,666,406
DJI_0753_MP4-19_jpg.rf.5c9b1dfc92ea607dcb9c78089fc5f737.jpg,1898,1068,solar-panels,1518,580,1570,629
DJI_0753_MP4-19_jpg.rf.5c9b1dfc92ea607dcb9c78089fc5f737.jpg,1898,1068,solar-panels,626,1047,668,1068
DJI_0753_MP4-26_jpg.rf.7202a0a8ebbabb7efa9e2e7c50bfd1f7.jpg,1888,1062,solar-panels,1393,885,1485,962
DJI_0753_MP4-26_jpg.rf.7202a0a8ebbabb7efa9e2e7c50bfd1f7.jpg,1888,1062,solar-panels,1481,834,1572,904
DJI_0753_MP4-26_jpg.rf.7202a0a8ebbabb7efa9e2e7c50bfd1f7.jpg,1888,1062,solar-panels,1532,790,1579,837
DJI_0753_MP4-43_jpg.rf.504cab2ed5302506e95c8403c97d15ea.jpg,1842,1036,solar-panels,118,429,161,522
DJI_0753_MP4-43_jpg.rf.504cab2ed5302506e95c8403c97d15ea.jpg,1842,1036,solar-panels,143,443,206,529
DJI_0753_MP4-43_jpg.rf.504cab2ed5302506e95c8403c97d15ea.jpg,1842,1036,solar-panels,176,489,220,504
DJI_0753_MP4-43_jpg.rf.504cab2ed5302506e95c8403c97d15ea.jpg,1842,1036,solar-panels,187,478,263,537
DJI_0753_MP4-43_jpg.rf.504cab2ed5302506e95c8403c97d15ea.jpg,1842,1036,solar-panels,262,466,278,499
DJI_0753_MP4-43_jpg.rf.504cab2ed5302506e95c8403c97d15ea.jpg,1842,1036,solar-panels,239,525,264,559
DJI_0753_MP4-43_jpg.rf.504cab2ed5302506e95c8403c97d15ea.jpg,1842,1036,solar-panels,324,495,418,519
DJI_0753_MP4-43_jpg.rf.504cab2ed5302506e95c8403c97d15ea.jpg,1842,1036,solar-panels,424,476,450,506
DJI_0753_MP4-43_jpg.rf.504cab2ed5302506e95c8403c97d15ea.jpg,1842,1036,solar-panels,718,510,861,621
DJI_0753_MP4-43_jpg.rf.504cab2ed5302506e95c8403c97d15ea.jpg,1842,1036,solar-panels,1649,616,1697,715
DJI_0753_MP4-43_jpg.rf.504cab2ed5302506e95c8403c97d15ea.jpg,1842,1036,solar-panels,1753,645,1796,689
DJI_0753_MP4-43_jpg.rf.504cab2ed5302506e95c8403c97d15ea.jpg,1842,1036,solar-panels,1804,675,1841,708
DJI_0753_MP4-52_jpg.rf.7443364cb6a2cd60e865de6164f63aab.jpg,2016,1134,solar-panels,1347,715,1440,819
DJI_0753_MP4-52_jpg.rf.7443364cb6a2cd60e865de6164f63aab.jpg,2016,1134,solar-panels,1498,675,1588,754
DJI_0753_MP4-52_jpg.rf.7443364cb6a2cd60e865de6164f63aab.jpg,2016,1134,solar-panels,1687,717,1794,785
DJI_0753_MP4-52_jpg.rf.7443364cb6a2cd60e865de6164f63aab.jpg,2016,1134,solar-panels,1352,159,1528,452
DJI_0753_MP4-52_jpg.rf.7443364cb6a2cd60e865de6164f63aab.jpg,2016,1134,solar-panels,1892,835,2016,932
DJI_0753_MP4-3_jpg.rf.469b8ad8c1c04569c3727f6ac7075950.jpg,1888,1062,solar-panels,954,350,1054,636
DJI_0753_MP4-3_jpg.rf.469b8ad8c1c04569c3727f6ac7075950.jpg,1888,1062,solar-panels,1424,902,1489,1062
DJI_0753_MP4-3_jpg.rf.469b8ad8c1c04569c3727f6ac7075950.jpg,1888,1062,solar-panels,1310,73,1485,255
DJI_0753_MP4-47_jpg.rf.7575ab23fa4f8da0a8a76988946a599c.jpg,1676,942,solar-panels,1483,787,1608,877
DJI_0753_MP4-22_jpg.rf.325c44ac96439c0b6892c5d1a15918fe.jpg,2016,1134,solar-panels,461,204,529,234
DJI_0753_MP4-22_jpg.rf.325c44ac96439c0b6892c5d1a15918fe.jpg,2016,1134,solar-panels,467,244,533,359
DJI_0753_MP4-22_jpg.rf.325c44ac96439c0b6892c5d1a15918fe.jpg,2016,1134,solar-panels,463,284,518,398
DJI_0753_MP4-22_jpg.rf.325c44ac96439c0b6892c5d1a15918fe.jpg,2016,1134,solar-panels,552,288,615,371

DJI_0753_MP4-7_jpg.rf.7b145684f8713028191b1d375c79186c.jpg,2048,1152,solar-panels,597,550,708,744
DJI_0753_MP4-6_jpg.rf.6de17f75aa17b568594e273a7999985c.jpg,1760,990,solar-panels,1605,859,1697,980
DJI_0753_MP4-6_jpg.rf.6de17f75aa17b568594e273a7999985c.jpg,1760,990,solar-panels,1696,787,1760,929
DJI_0753_MP4-6_jpg.rf.6de17f75aa17b568594e273a7999985c.jpg,1760,990,solar-panels,1570,689,1644,738
DJI_0753_MP4-6_jpg.rf.6de17f75aa17b568594e273a7999985c.jpg,1760,990,solar-panels,941,460,1017,528
DJI_0753_MP4-6_jpg.rf.6de17f75aa17b568594e273a7999985c.jpg,1760,990,solar-panels,978,384,1047,460
DJI_0753_MP4-43_jpg.rf.82e9c2b4ff35ff9f636e93a483cd459c.jpg,1712,962,solar-panels,181,389,275,422
DJI_0753_MP4-43_jpg.rf.82e9c2b4ff35ff9f636e93a483cd459c.jpg,1712,962,solar-panels,250,368,273,463
DJI_0753_MP4-43_jpg.rf.82e9c2b4ff35ff9f636e93a483cd459c.jpg,1712,962,solar-panels,270,405,300,447
DJI_0753_MP4-43_jpg.rf.82e9c2b4ff35ff9f636e93a483cd459c.jpg,1712,962,solar-panels,271,426,357,449
DJI_0753_MP4-43_jpg.rf.82e9c2b4ff35ff9f636e93a483cd459c.jpg,1712,962,solar-panels,348,395,369,429
DJI_0753_MP4-43_jpg.rf.82e9c2b4ff35ff9f636e93a483cd459c.jpg,1712,962,solar-panels,326,455,352,489
DJI_0753_MP4-43_jpg.rf.82e9c2b4ff35ff9f636e93a483cd459c.jpg,1712,962,solar-panels,420,399,497,474
DJI_0753_MP4-43_jpg.rf.82e9c2b4ff35ff9f636e93a483cd459c.jpg,1712,962,solar-panels,513,403,539,439
DJI_0753_MP4-43_jpg.rf.82e9c2b4ff35ff9f636e93a483cd459c.jpg,1712,962,solar-panels,808,454,946,538
DJI_0753_MP4-19_jpg.rf.79011871f380d7ad20cf4e3e3f836be6.jpg,1700,956,solar-panels,1482,596,1531,651
DJI_0753_MP4-38_jpg.rf.91daeb7fca832e626036b85a282b9323.jpg,1688,948,solar-panels,1337,691,1477,796

DJI_0753_MP4-32_jpg.rf.7ef10230020db0b683b005dd35db17e2.jpg,1598,898,solar-panels,975,245,1131,349
DJI_0753_MP4-20_jpg.rf.7e1ac475f30fa80cb061988e351b859c.jpg,2048,1152,solar-panels,1162,54,1287,216
DJI_0753_MP4-39_jpg.rf.890fc9d24bd0d97930680f8b13c1937e.jpg,2016,1134,solar-panels,555,437,593,458
DJI_0753_MP4-39_jpg.rf.890fc9d24bd0d97930680f8b13c1937e.jpg,2016,1134,solar-panels,568,342,623,383
DJI_0753_MP4-39_jpg.rf.890fc9d24bd0d97930680f8b13c1937e.jpg,2016,1134,solar-panels,633,322,667,368
DJI_0753_MP4-39_jpg.rf.890fc9d24bd0d97930680f8b13c1937e.jpg,2016,1134,solar-panels,680,233,754,317
DJI_0753_MP4-39_jpg.rf.890fc9d24bd0d97930680f8b13c1937e.jpg,2016,1134,solar-panels,746,186,834,226
DJI_0753_MP4-39_jpg.rf.890fc9d24bd0d97930680f8b13c1937e.jpg,2016,1134,solar-panels,377,353,438,413
DJI_0753_MP4-39_jpg.rf.890fc9d24bd0d97930680f8b13c1937e.jpg,2016,1134,solar-panels,364,427,416,475
DJI_0753_MP4-15_jpg.rf.7f1ccb9fa9e1538fdea30a70cedcc90f.jpg,1724,970,solar-panels,423,942,439,969
DJI_0753_MP4-15_jpg.rf.7f1ccb9fa9e1538fdea30a70cedcc90f.jpg,1724,970,solar-panels,249,784,309,885
DJI_0753_MP4-15_jpg.rf.7f1ccb9fa9e1538fdea30a70cedcc90f.jpg,1724,970,solar-panels,255,767,292,794
DJI_0753_MP4-15_jpg.rf.7f1ccb9fa9e1538fdea30a70cedcc90f.jpg,1724,970,solar-panels,254,732,291,771
DJI_0753_MP4-15_jpg.rf.7f1ccb9fa9e1538fdea30a70cedcc90f.jpg,1724,970,solar-panels,304,712,336,745
DJI_0753_MP4-19_jpg.rf.8a855ab86b0ff664ca4279941a554dcf.jpg,1662,934,solar-panels,1297,470,1350,519


DJI_0753_MP4-15_jpg.rf.a0f0d9ac2dcf6c2022b83c31a50d858d.jpg,2016,1134,solar-panels,579,1057,651,1114
DJI_0753_MP4-15_jpg.rf.a0f0d9ac2dcf6c2022b83c31a50d858d.jpg,2016,1134,solar-panels,689,976,719,1001
DJI_0753_MP4-15_jpg.rf.a0f0d9ac2dcf6c2022b83c31a50d858d.jpg,2016,1134,solar-panels,515,822,595,912
DJI_0753_MP4-15_jpg.rf.a0f0d9ac2dcf6c2022b83c31a50d858d.jpg,2016,1134,solar-panels,528,803,564,822
DJI_0753_MP4-15_jpg.rf.a0f0d9ac2dcf6c2022b83c31a50d858d.jpg,2016,1134,solar-panels,528,773,565,800
DJI_0753_MP4-15_jpg.rf.a0f0d9ac2dcf6c2022b83c31a50d858d.jpg,2016,1134,solar-panels,577,745,609,776
DJI_0753_MP4-15_jpg.rf.a0f0d9ac2dcf6c2022b83c31a50d858d.jpg,2016,1134,solar-panels,1981,324,2016,377
DJI_0753_MP4-46_jpg.rf.94b43b71ef966a6a2cd08c917fa94ff8.jpg,2048,1152,solar-panels,1759,293,1887,387
DJI_0753_MP4-46_jpg.rf.94b43b71ef966a6a2cd08c917fa94ff8.jpg,2048,1152,solar-panels,1962,623,2047,672
DJI_0753_MP4-39_jpg.rf.910d25880bd4fb7b0fee9dd21f8a8302.jpg,1736,976,solar-panels,409,443,450,466
DJI_0753_MP4-39_jpg.rf.910d25880bd4fb7b0fee9dd21f8a8302.jpg,1736,976,solar-panels,425,352,480,389
DJI_0753_MP4-39_jpg.rf.910d25880bd4fb7b0fee9dd21f8a8302.jpg,1736,976,solar-panels,484,328,530,376
DJI_0753_MP4-39_jpg.rf.910d25880bd4fb7b0fee9dd21f8a8302.jpg,1736,976,solar-panels,534,242,613,322
DJI_0753_MP4-39_jpg.rf.910d25880bd4fb7b0fee9dd21f8a8302.jpg,1736,976,solar-panels,603,203,692,226
DJI_0753_MP4-39_jpg.rf.910d25880bd4fb7b0fee9dd21f8a8302.jpg,1736,976,solar-panels,225,363,291,408
DJI_0753_MP4-39_jpg.rf.910d25880bd4fb7b0fee9dd21f8a8302.jpg,1736,976,solar-panels,224,436,277,481
DJI_0753_MP4-46_jpg.rf.8e30814be37b7e8243194666c9287c93.jpg,1898,1068,solar-panels,1739,239,1871,360
DJI_0753_MP4-25_jpg.rf.914aa48fde291d87cb1e6e613321cc3d.jpg,1942,1092,solar-panels,1392,374,1483,467
DJI_0753_MP4-25_jpg.rf.914aa48fde291d87cb1e6e613321cc3d.jpg,1942,1092,solar-panels,1456,318,1560,399
DJI_0753_MP4-25_jpg.rf.914aa48fde291d87cb1e6e613321cc3d.jpg,1942,1092,solar-panels,1519,282,1573,329
DJI_0753_MP4-3_jpg.rf.8b711433972c02ca2413034a0e14ffb6.jpg,1638,920,solar-panels,560,347,697,629
DJI_0753_MP4-3_jpg.rf.8b711433972c02ca2413034a0e14ffb6.jpg,1638,920,solar-panels,937,66,1107,252
DJI_0753_MP4-21_jpg.rf.8513d464d0ab93ea94d525e5f4186d39.jpg,1984,1116,solar-panels,706,469,822,552
DJI_0753_MP4-21_jpg.rf.8513d464d0ab93ea94d525e5f4186d39.jpg,1984,1116,solar-panels,789,412,841,531
DJI_0753_MP4-32_jpg.rf.9902e2f3f47f005b8fa2f9e808f46482.jpg,1712,962,solar-panels,1073,447,1155,594
DJI_0753_MP4-1_jpg.rf.967db6ef70513ff45b0f6508e5bb6243.jpg,1920,1080,solar-panels,758,517,841,563
DJI_0753_MP4-1_jpg.rf.967db6ef70513ff45b0f6508e5bb6243.jpg,1920,1080,solar-panels,844,602,888,670
DJI_0753_MP4-1_jpg.rf.967db6ef70513ff45b0f6508e5bb6243.jpg,1920,1080,solar-panels,859,750,936,793
DJI_0753_MP4-1_jpg.rf.967db6ef70513ff45b0f6508e5bb6243.jpg,1920,1080,solar-panels,848,904,912,1016
DJI_0753_MP4-1_jpg.rf.967db6ef70513ff45b0f6508e5bb6243.jpg,1920,1080,solar-panels,1632,989,1650,1079
DJI_0753_MP4-1_jpg.rf.967db6ef70513ff45b0f6508e5bb6243.jpg,1920,1080,solar-panels,1883,595,1920,651
DJI_0753_MP4-1_jpg.rf.967db6ef70513ff45b0f6508e5bb6243.jpg,1920,1080,solar-panels,1886,521,1920,590
DJI_0753_MP4-1_jpg.rf.967db6ef70513ff45b0f6508e5bb6243.jpg,1920,1080,solar-panels,1901,499,1919,519
DJI_0753_MP4-1_jpg.rf.967db6ef70513ff45b0f6508e5bb6243.jpg,1920,1080,solar-panels,1855,493,1878,507
DJI_0753_MP4-1_jpg.rf.967db6ef70513ff45b0f6508e5bb6243.jpg,1920,1080,solar-panels,1039,367,1215,562

DJI_0753_MP4-23_jpg.rf.9f320c496b181a645f303437877b44db.jpg,2016,1134,solar-panels,1423,162,1524,233
DJI_0753_MP4-23_jpg.rf.9f320c496b181a645f303437877b44db.jpg,2016,1134,solar-panels,1519,168,1603,280
DJI_0753_MP4-23_jpg.rf.9f320c496b181a645f303437877b44db.jpg,2016,1134,solar-panels,1599,214,1654,256
DJI_0753_MP4-23_jpg.rf.9f320c496b181a645f303437877b44db.jpg,2016,1134,solar-panels,454,892,517,942
DJI_0753_MP4-23_jpg.rf.9f320c496b181a645f303437877b44db.jpg,2016,1134,solar-panels,462,954,533,1063
DJI_0753_MP4-23_jpg.rf.9f320c496b181a645f303437877b44db.jpg,2016,1134,solar-panels,433,978,517,1082
DJI_0753_MP4-23_jpg.rf.9f320c496b181a645f303437877b44db.jpg,2016,1134,solar-panels,544,994,614,1073
DJI_0753_MP4-14_jpg.rf.97347c69fd49b51d31b24576cab590e7.jpg,2026,1140,solar-panels,1648,81,1688,132
DJI_0753_MP4-14_jpg.rf.97347c69fd49b51d31b24576cab590e7.jpg,2026,1140,solar-panels,618,282,645,306
DJI_0753_MP4-14_jpg.rf.97347c69fd49b51d31b24576cab590e7.jpg,2026,1140,solar-panels,562,314,608,345
DJI_0753_MP4-14_jpg.rf.97347c69fd49b51d31b24576cab590e7.jpg,2026,1140,solar-panels,578,331,598,371
DJI_0753_MP4-14_jpg.rf.97347c69fd49b51d31b24576cab590e7.jpg,2026,1140,solar-panels,547,369,638,449
DJI_0753_MP4-14_jpg.rf.97347c69fd49b51d31b24576cab590e7.jpg,2026,1140,solar-panels,738,509,770,536
DJI_0753_MP4-14_jpg.rf.97347c69fd49b51d31b24576cab590e7.jpg,2026,1140,solar-panels,634,587,699,656
DJI_0753_MP4-14_jpg.rf.97347c69fd49b51d31b24576cab590e7.jpg,2026,1140,solar-panels,775,1116,798,1140
DJI_0753_MP4-14_jpg.rf.97347c69fd49b51d31b24576cab590e7.jpg,2026,1140,solar-panels,802,1105,845,1140

DJI_0753_MP4-52_jpg.rf.adfce81d9b2c2f39b9386c024b955238.jpg,1876,1054,solar-panels,1195,640,1276,750
DJI_0753_MP4-52_jpg.rf.adfce81d9b2c2f39b9386c024b955238.jpg,1876,1054,solar-panels,1366,595,1409,692
DJI_0753_MP4-52_jpg.rf.adfce81d9b2c2f39b9386c024b955238.jpg,1876,1054,solar-panels,1530,646,1642,703
DJI_0753_MP4-52_jpg.rf.adfce81d9b2c2f39b9386c024b955238.jpg,1876,1054,solar-panels,1140,198,1430,273
DJI_0753_MP4-52_jpg.rf.adfce81d9b2c2f39b9386c024b955238.jpg,1876,1054,solar-panels,1752,765,1876,873
DJI_0753_MP4-13_jpg.rf.950207781133740b9ff61242f49379d1.jpg,1974,1110,solar-panels,551,0,622,72
DJI_0753_MP4-13_jpg.rf.950207781133740b9ff61242f49379d1.jpg,1974,1110,solar-panels,624,211,697,275
DJI_0753_MP4-13_jpg.rf.950207781133740b9ff61242f49379d1.jpg,1974,1110,solar-panels,1615,1020,1713,1108
DJI_0753_MP4-13_jpg.rf.950207781133740b9ff61242f49379d1.jpg,1974,1110,solar-panels,801,1074,842,1106
DJI_0753_MP4-13_jpg.rf.950207781133740b9ff61242f49379d1.jpg,1974,1110,solar-panels,775,1011,819,1047
DJI_0753_MP4-13_jpg.rf.950207781133740b9ff61242f49379d1.jpg,1974,1110,solar-panels,796,985,885,1013
DJI_0753_MP4-13_jpg.rf.950207781133740b9ff61242f49379d1.jpg,1974,1110,solar-panels,767,941,814,989
DJI_0753_MP4-13_jpg.rf.950207781133740b9ff61242f49379d1.jpg,1974,1110,solar-panels,866,936,897,981
DJI_0753_MP4-13_jpg.rf.950207781133740b9ff61242f49379d1.jpg,1974,1110,solar-panels,771,846,815,917
DJI_0753_MP4-13_jpg.rf.950207781133740b9ff61242f49379d1.jpg,1974,1110,solar-panels,811,836,851,895
DJI_0753_MP4-13_jpg.rf.950207781133740b9ff61242f49379d1.jpg,1974,1110,solar-panels,777,750,799,781
DJI_0753_MP4-13_jpg.rf.950207781133740b9ff61242f49379d1.jpg,1974,1110,solar-panels,801,726,846,786
DJI_0753_MP4-13_jpg.rf.a1626de99e5b10392ed267486175d9cc.jpg,1920,1080,solar-panels,622,151,687,223
DJI_0753_MP4-13_jpg.rf.a1626de99e5b10392ed267486175d9cc.jpg,1920,1080,solar-panels,1638,957,1684,1080
DJI_0753_MP4-13_jpg.rf.a1626de99e5b10392ed267486175d9cc.jpg,1920,1080,solar-panels,778,1021,846,1080
DJI_0753_MP4-13_jpg.rf.a1626de99e5b10392ed267486175d9cc.jpg,1920,1080,solar-panels,772,956,819,980
DJI_0753_MP4-13_jpg.rf.a1626de99e5b10392ed267486175d9cc.jpg,1920,1080,solar-panels,812,895,876,973
DJI_0753_MP4-13_jpg.rf.a1626de99e5b10392ed267486175d9cc.jpg,1920,1080,solar-panels,763,885,814,924
DJI_0753_MP4-13_jpg.rf.a1626de99e5b10392ed267486175d9cc.jpg,1920,1080,solar-panels,865,873,894,917
DJI_0753_MP4-13_jpg.rf.a1626de99e5b10392ed267486175d9cc.jpg,1920,1080,solar-panels,753,800,824,839
DJI_0753_MP4-13_jpg.rf.a1626de99e5b10392ed267486175d9cc.jpg,1920,1080,solar-panels,820,777,841,833
DJI_0753_MP4-13_jpg.rf.a1626de99e5b10392ed267486175d9cc.jpg,1920,1080,solar-panels,773,688,801,720
DJI_0753_MP4-13_jpg.rf.a1626de99e5b10392ed267486175d9cc.jpg,1920,1080,solar-panels,803,667,846,723
DJI_0753_MP4-7_jpg.rf.8e56cf080eb4e1e7161b3e31dbf5cb00.jpg,1572,884,solar-panels,249,318,317,514

DJI_0753_MP4-38_jpg.rf.ad81d1a8078ce3396b78c4172ef2bce0.jpg,1984,1116,solar-panels,1621,852,1676,1003
DJI_0753_MP4-37_jpg.rf.ad3613acba1832bb284de5459a90655e.jpg,1808,1016,solar-panels,1617,273,1755,390
DJI_0753_MP4-18_jpg.rf.af536acf1f6b637fbf174cb5580b9648.jpg,1932,1086,solar-panels,1837,884,1920,964
DJI_0753_MP4-18_jpg.rf.af536acf1f6b637fbf174cb5580b9648.jpg,1932,1086,solar-panels,1532,0,1558,16
DJI_0753_MP4-18_jpg.rf.af536acf1f6b637fbf174cb5580b9648.jpg,1932,1086,solar-panels,602,424,696,507
DJI_0753_MP4-18_jpg.rf.af536acf1f6b637fbf174cb5580b9648.jpg,1932,1086,solar-panels,627,481,723,563
DJI_0753_MP4-18_jpg.rf.af536acf1f6b637fbf174cb5580b9648.jpg,1932,1086,solar-panels,753,465,863,540
DJI_0753_MP4-7_jpg.rf.b4ad3c3155ef3810008992df05bc5690.jpg,1662,934,solar-panels,203,454,391,596
DJI_0753_MP4-32_jpg.rf.b352b27257c2e53349153c0fa244cc07.jpg,1662,934,solar-panels,916,319,1061,393

DJI_0753_MP4-12_jpg.rf.b2c9481eb83d770f4328100e1aeaaead.jpg,1932,1086,solar-panels,1562,964,1700,1066
DJI_0753_MP4-12_jpg.rf.b2c9481eb83d770f4328100e1aeaaead.jpg,1932,1086,solar-panels,560,0,600,18
DJI_0753_MP4-12_jpg.rf.b2c9481eb83d770f4328100e1aeaaead.jpg,1932,1086,solar-panels,617,170,688,213
DJI_0753_MP4-12_jpg.rf.b2c9481eb83d770f4328100e1aeaaead.jpg,1932,1086,solar-panels,762,692,791,712
DJI_0753_MP4-12_jpg.rf.b2c9481eb83d770f4328100e1aeaaead.jpg,1932,1086,solar-panels,789,673,846,716
DJI_0753_MP4-12_jpg.rf.b2c9481eb83d770f4328100e1aeaaead.jpg,1932,1086,solar-panels,798,773,840,828
DJI_0753_MP4-12_jpg.rf.b2c9481eb83d770f4328100e1aeaaead.jpg,1932,1086,solar-panels,742,788,809,838
DJI_0753_MP4-12_jpg.rf.b2c9481eb83d770f4328100e1aeaaead.jpg,1932,1086,solar-panels,754,875,802,922
DJI_0753_MP4-12_jpg.rf.b2c9481eb83d770f4328100e1aeaaead.jpg,1932,1086,solar-panels,846,877,891,902
DJI_0753_MP4-12_jpg.rf.b2c9481eb83d770f4328100e1aeaaead.jpg,1932,1086,solar-panels,810,883,849,973
DJI_0753_MP4-12_jpg.rf.b2c9481eb83d770f4328100e1aeaaead.jpg,1932,1086,solar-panels,762,939,808,981
DJI_0753_MP4-12_jpg.rf.b2c9481eb83d770f4328100e1aeaaead.jpg,1932,1086,solar-panels,776,1010,833,1085
DJI_0753_MP4-37_jpg.rf.c50c9f1dafda77a553008c214cd1ee5d.jpg,1808,1016,solar-panels,1560,230,1696,347
DJI_0753_MP4-30_jpg.rf.b745ef2aaea796f1d906378535537706.jpg,2036,1146,solar-panels,536,340,722,450
DJI_0753_MP4-30_jpg.rf.b745ef2aaea796f1d906378535537706.jpg,2036,1146,solar-panels,527,99,613,151
DJI_0753_MP4-42_jpg.rf.b9ac383a4fe1e36f696c3c32513b1216.jpg,2006,1128,solar-panels,354,231,450,273
DJI_0753_MP4-42_jpg.rf.b9ac383a4fe1e36f696c3c32513b1216.jpg,2006,1128,solar-panels,454,221,486,250
DJI_0753_MP4-42_jpg.rf.b9ac383a4fe1e36f696c3c32513b1216.jpg,2006,1128,solar-panels,126,187,212,245
DJI_0753_MP4-42_jpg.rf.b9ac383a4fe1e36f696c3c32513b1216.jpg,2006,1128,solar-panels,166,188,240,264
DJI_0753_MP4-42_jpg.rf.b9ac383a4fe1e36f696c3c32513b1216.jpg,2006,1128,solar-panels,205,224,250,250
DJI_0753_MP4-42_jpg.rf.b9ac383a4fe1e36f696c3c32513b1216.jpg,2006,1128,solar-panels,244,205,267,290
DJI_0753_MP4-42_jpg.rf.b9ac383a4fe1e36f696c3c32513b1216.jpg,2006,1128,solar-panels,294,206,307,239
DJI_0753_MP4-42_jpg.rf.b9ac383a4fe1e36f696c3c32513b1216.jpg,2006,1128,solar-panels,274,265,290,299
DJI_0753_MP4-42_jpg.rf.b9ac383a4fe1e36f696c3c32513b1216.jpg,2006,1128,solar-panels,778,237,867,379
DJI_0753_MP4-42_jpg.rf.b9ac383a4fe1e36f696c3c32513b1216.jpg,2006,1128,solar-panels,1663,386,1760,429
DJI_0753_MP4-42_jpg.rf.b9ac383a4fe1e36f696c3c32513b1216.jpg,2006,1128,solar-panels,1797,387,1826,426
DJI_0753_MP4-42_jpg.rf.b9ac383a4fe1e36f696c3c32513b1216.jpg,2006,1128,solar-panels,1840,413,1893,450
DJI_0753_MP4-42_jpg.rf.b9ac383a4fe1e36f696c3c32513b1216.jpg,2006,1128,solar-panels,1928,368,1957,413

DJI_0753_MP4-1_jpg.rf.c444c09de7cee8d634dc80811d01a91b.jpg,1612,906,solar-panels,549,354,632,409
DJI_0753_MP4-1_jpg.rf.c444c09de7cee8d634dc80811d01a91b.jpg,1612,906,solar-panels,624,450,692,474
DJI_0753_MP4-1_jpg.rf.c444c09de7cee8d634dc80811d01a91b.jpg,1612,906,solar-panels,652,582,729,626
DJI_0753_MP4-1_jpg.rf.c444c09de7cee8d634dc80811d01a91b.jpg,1612,906,solar-panels,604,758,715,817
DJI_0753_MP4-1_jpg.rf.c444c09de7cee8d634dc80811d01a91b.jpg,1612,906,solar-panels,1392,808,1446,906
DJI_0753_MP4-1_jpg.rf.c444c09de7cee8d634dc80811d01a91b.jpg,1612,906,solar-panels,835,190,1001,392
DJI_0753_MP4-17_jpg.rf.c71a94533ba0c82fad10d53b9d9b840a.jpg,1952,1098,solar-panels,1193,827,1264,923
DJI_0753_MP4-17_jpg.rf.c71a94533ba0c82fad10d53b9d9b840a.jpg,1952,1098,solar-panels,1104,860,1176,937
DJI_0753_MP4-17_jpg.rf.c71a94533ba0c82fad10d53b9d9b840a.jpg,1952,1098,solar-panels,1053,911,1120,971
DJI_0753_MP4-17_jpg.rf.c71a94533ba0c82fad10d53b9d9b840a.jpg,1952,1098,solar-panels,870,995,932,1048
DJI_0753_MP4-17_jpg.rf.c71a94533ba0c82fad10d53b9d9b840a.jpg,1952,1098,solar-panels,923,979,1050,1087
DJI_0753_MP4-17_jpg.rf.c71a94533ba0c82fad10d53b9d9b840a.jpg,1952,1098,solar-panels,1042,706,1058,738
DJI_0753_MP4-17_jpg.rf.c71a94533ba0c82fad10d53b9d9b840a.jpg,1952,1098,solar-panels,1044,721,1076,750
DJI_0753_MP4-17_jpg.rf.c71a94533ba0c82fad10d53b9d9b840a.jpg,1952,1098,solar-panels,1055,733,1087,766
DJI_0753_MP4-17_jpg.rf.c71a94533ba0c82fad10d53b9d9b840a.jpg,1952,1098,solar-panels,1070,746,1092,779
DJI_0753_MP4-17_jpg.rf.c71a94533ba0c82fad10d53b9d9b840a.jpg,1952,1098,solar-panels,1083,760,1113,793
DJI_0753_MP4-17_jpg.rf.c71a94533ba0c82fad10d53b9d9b840a.jpg,1952,1098,solar-panels,906,786,996,840
DJI_0753_MP4-11_jpg.rf.c9db67f8f3a6567da539ba1e871bda5a.jpg,1624,914,solar-panels,1572,766,1622,811
DJI_0753_MP4-11_jpg.rf.c9db67f8f3a6567da539ba1e871bda5a.jpg,1624,914,solar-panels,70,52,129,182
DJI_0753_MP4-11_jpg.rf.c9db67f8f3a6567da539ba1e871bda5a.jpg,1624,914,solar-panels,190,70,235,111
DJI_0753_MP4-11_jpg.rf.c9db67f8f3a6567da539ba1e871bda5a.jpg,1624,914,solar-panels,252,52,295,101
DJI_0753_MP4-11_jpg.rf.c9db67f8f3a6567da539ba1e871bda5a.jpg,1624,914,solar-panels,214,89,287,160
DJI_0753_MP4-11_jpg.rf.c9db67f8f3a6567da539ba1e871bda5a.jpg,1624,914,solar-panels,324,47,392,80
DJI_0753_MP4-11_jpg.rf.c9db67f8f3a6567da539ba1e871bda5a.jpg,1624,914,solar-panels,346,86,404,119
DJI_0753_MP4-11_jpg.rf.c9db67f8f3a6567da539ba1e871bda5a.jpg,1624,914,solar-panels,457,36,482,65
DJI_0753_MP4-11_jpg.rf.c9db67f8f3a6567da539ba1e871bda5a.jpg,1624,914,solar-panels,462,60,514,120
DJI_0753_MP4-11_jpg.rf.c9db67f8f3a6567da539ba1e871bda5a.jpg,1624,914,solar-panels,277,141,299,167
DJI_0753_MP4-10_jpg.rf.acac9ec2ab5f900f9cadf688a0da6fec.jpg,1964,1104,solar-panels,504,342,630,460
DJI_0753_MP4-10_jpg.rf.acac9ec2ab5f900f9cadf688a0da6fec.jpg,1964,1104,solar-panels,1914,225,1964,254
DJI_0753_MP4-44_jpg.rf.b11fc2df9dca495b3b17a104bfa1a55a.jpg,2016,1134,solar-panels,234,959,323,1016
DJI_0753_MP4-44_jpg.rf.b11fc2df9dca495b3b17a104bfa1a55a.jpg,2016,1134,solar-panels,284,950,341,1041
DJI_0753_MP4-44_jpg.rf.b11fc2df9dca495b3b17a104bfa1a55a.jpg,2016,1134,solar-panels,316,987,355,1026
DJI_0753_MP4-44_jpg.rf.b11fc2df9dca495b3b17a104bfa1a55a.jpg,2016,1134,solar-panels,340,978,388,1057
DJI_0753_MP4-44_jpg.rf.b11fc2df9dca495b3b17a104bfa1a55a.jpg,2016,1134,solar-panels,390,979,426,1005
DJI_0753_MP4-44_jpg.rf.b11fc2df9dca495b3b17a104bfa1a55a.jpg,2016,1134,solar-panels,378,1034,401,1072
DJI_0753_MP4-44_jpg.rf.b11fc2df9dca495b3b17a104bfa1a55a.jpg,2016,1134,solar-panels,463,989,553,1033
DJI_0753_MP4-44_jpg.rf.b11fc2df9dca495b3b17a104bfa1a55a.jpg,2016,1134,solar-panels,555,981,593,1010
DJI_0753_MP4-44_jpg.rf.b11fc2df9dca495b3b17a104bfa1a55a.jpg,2016,1134,solar-panels,859,1016,989,1127

DJI_0753_MP4-6_jpg.rf.bfa9942c77200e3f0389658f98d6020a.jpg,1688,948,solar-panels,1409,929,1521,948
DJI_0753_MP4-6_jpg.rf.bfa9942c77200e3f0389658f98d6020a.jpg,1688,948,solar-panels,1526,831,1589,948
DJI_0753_MP4-6_jpg.rf.bfa9942c77200e3f0389658f98d6020a.jpg,1688,948,solar-panels,1404,720,1452,791
DJI_0753_MP4-6_jpg.rf.bfa9942c77200e3f0389658f98d6020a.jpg,1688,948,solar-panels,1536,728,1681,839
DJI_0753_MP4-6_jpg.rf.bfa9942c77200e3f0389658f98d6020a.jpg,1688,948,solar-panels,776,510,827,571
DJI_0753_MP4-6_jpg.rf.bfa9942c77200e3f0389658f98d6020a.jpg,1688,948,solar-panels,796,425,870,505
DJI_0753_MP4-27_jpg.rf.c9df121ca0092e781b0a96af1eedafcf.jpg,1952,1098,solar-panels,21,544,132,613
DJI_0753_MP4-27_jpg.rf.c9df121ca0092e781b0a96af1eedafcf.jpg,1952,1098,solar-panels,992,328,1237,492
DJI_0753_MP4-27_jpg.rf.c9df121ca0092e781b0a96af1eedafcf.jpg,1952,1098,solar-panels,1016,316,1058,399
DJI_0753_MP4-27_jpg.rf.c9df121ca0092e781b0a96af1eedafcf.jpg,1952,1098,solar-panels,1058,220,1112,303
DJI_0753_MP4-27_jpg.rf.c9df121ca0092e781b0a96af1eedafcf.jpg,1952,1098,solar-panels,942,160,995,235
DJI_0753_MP4-0_jpg.rf.cc57fb703089c118656bc7b0a9434813.jpg,1760,990,solar-panels,608,221,681,288
DJI_0753_MP4-0_jpg.rf.cc57fb703089c118656bc7b0a9434813.jpg,1760,990,solar-panels,690,306,734,375
DJI_0753_MP4-0_jpg.rf.cc57fb703089c118656bc7b0a9434813.jpg,1760,990,solar-panels,916,69,1018,283
DJI_0753_MP4-0_jpg.rf.cc57fb703089c118656bc7b0a9434813.jpg,1760,990,solar-panels,1726,294,1760,348
DJI_0753_MP4-0_jpg.rf.cc57fb703089c118656bc7b0a9434813.jpg,1760,990,solar-panels,1393,729,1648,876
DJI_0753_MP4-0_jpg.rf.cc57fb703089c118656bc7b0a9434813.jpg,1760,990,solar-panels,679,616,749,719
DJI_0753_MP4-0_jpg.rf.cc57fb703089c118656bc7b0a9434813.jpg,1760,990,solar-panels,706,459,780,503
DJI_0753_MP4-8_jpg.rf.c4710d81c93b4ae336272b0b7c497e38.jpg,1688,948,solar-panels,1124,777,1230,948

DJI_0753_MP4-12_jpg.rf.d16bb4ad623b560f19c1acf6dd5cf2d6.jpg,2026,1140,solar-panels,1572,957,1702,1075
DJI_0753_MP4-12_jpg.rf.d16bb4ad623b560f19c1acf6dd5cf2d6.jpg,2026,1140,solar-panels,568,0,607,18
DJI_0753_MP4-12_jpg.rf.d16bb4ad623b560f19c1acf6dd5cf2d6.jpg,2026,1140,solar-panels,633,154,695,228
DJI_0753_MP4-12_jpg.rf.d16bb4ad623b560f19c1acf6dd5cf2d6.jpg,2026,1140,solar-panels,769,689,800,717
DJI_0753_MP4-12_jpg.rf.d16bb4ad623b560f19c1acf6dd5cf2d6.jpg,2026,1140,solar-panels,799,664,841,718
DJI_0753_MP4-12_jpg.rf.d16bb4ad623b560f19c1acf6dd5cf2d6.jpg,2026,1140,solar-panels,797,783,855,819
DJI_0753_MP4-12_jpg.rf.d16bb4ad623b560f19c1acf6dd5cf2d6.jpg,2026,1140,solar-panels,749,794,817,836
DJI_0753_MP4-12_jpg.rf.d16bb4ad623b560f19c1acf6dd5cf2d6.jpg,2026,1140,solar-panels,759,879,810,918
DJI_0753_MP4-12_jpg.rf.d16bb4ad623b560f19c1acf6dd5cf2d6.jpg,2026,1140,solar-panels,853,874,894,909
DJI_0753_MP4-12_jpg.rf.d16bb4ad623b560f19c1acf6dd5cf2d6.jpg,2026,1140,solar-panels,793,910,881,955
DJI_0753_MP4-12_jpg.rf.d16bb4ad623b560f19c1acf6dd5cf2d6.jpg,2026,1140,solar-panels,766,939,818,979
DJI_0753_MP4-12_jpg.rf.d16bb4ad623b560f19c1acf6dd5cf2d6.jpg,2026,1140,solar-panels,765,1017,850,1134
DJI_0753_MP4-6_jpg.rf.cd7569783e99a60b948d310098b53c37.jpg,1820,1022,solar-panels,1532,943,1611,1022
DJI_0753_MP4-6_jpg.rf.cd7569783e99a60b948d310098b53c37.jpg,1820,1022,solar-panels,1409,839,1472,891
DJI_0753_MP4-6_jpg.rf.cd7569783e99a60b948d310098b53c37.jpg,1820,1022,solar-panels,1560,820,1744,962
DJI_0753_MP4-6_jpg.rf.cd7569783e99a60b948d310098b53c37.jpg,1820,1022,solar-panels,776,623,853,687
DJI_0753_MP4-6_jpg.rf.cd7569783e99a60b948d310098b53c37.jpg,1820,1022,solar-panels,813,547,878,600
DJI_0753_MP4-6_jpg.rf.cd7569783e99a60b948d310098b53c37.jpg,1820,1022,solar-panels,457,0,527,126
DJI_0753_MP4-44_jpg.rf.d6f68a3635c85f229fcff1cd25be1eff.jpg,1638,920,solar-panels,0,799,55,845
DJI_0753_MP4-44_jpg.rf.d6f68a3635c85f229fcff1cd25be1eff.jpg,1638,920,solar-panels,43,784,76,815
DJI_0753_MP4-44_jpg.rf.d6f68a3635c85f229fcff1cd25be1eff.jpg,1638,920,solar-panels,25,845,57,875
DJI_0753_MP4-44_jpg.rf.d6f68a3635c85f229fcff1cd25be1eff.jpg,1638,920,solar-panels,124,778,197,858
DJI_0753_MP4-44_jpg.rf.d6f68a3635c85f229fcff1cd25be1eff.jpg,1638,920,solar-panels,212,783,242,821
DJI_0753_MP4-44_jpg.rf.d6f68a3635c85f229fcff1cd25be1eff.jpg,1638,920,solar-panels,539,816,622,920

DJI_0753_MP4-7_jpg.rf.b23e7d05c0543b4a4df131d3c4f4ae88.jpg,2026,1140,solar-panels,546,600,740,692
DJI_0753_MP4-0_jpg.rf.df8b0d390180f1aae2b05fac5ae7f53f.jpg,1724,970,solar-panels,486,313,552,386
DJI_0753_MP4-0_jpg.rf.df8b0d390180f1aae2b05fac5ae7f53f.jpg,1724,970,solar-panels,560,404,613,468
DJI_0753_MP4-0_jpg.rf.df8b0d390180f1aae2b05fac5ae7f53f.jpg,1724,970,solar-panels,736,227,950,314
DJI_0753_MP4-0_jpg.rf.df8b0d390180f1aae2b05fac5ae7f53f.jpg,1724,970,solar-panels,1607,385,1671,455
DJI_0753_MP4-0_jpg.rf.df8b0d390180f1aae2b05fac5ae7f53f.jpg,1724,970,solar-panels,1609,316,1709,394
DJI_0753_MP4-0_jpg.rf.df8b0d390180f1aae2b05fac5ae7f53f.jpg,1724,970,solar-panels,1620,293,1696,320
DJI_0753_MP4-0_jpg.rf.df8b0d390180f1aae2b05fac5ae7f53f.jpg,1724,970,solar-panels,1656,253,1696,328
DJI_0753_MP4-0_jpg.rf.df8b0d390180f1aae2b05fac5ae7f53f.jpg,1724,970,solar-panels,1271,828,1518,965
DJI_0753_MP4-0_jpg.rf.df8b0d390180f1aae2b05fac5ae7f53f.jpg,1724,970,solar-panels,537,715,632,804
DJI_0753_MP4-0_jpg.rf.df8b0d390180f1aae2b05fac5ae7f53f.jpg,1724,970,solar-panels,595,536,638,608
DJI_0753_MP4-14_jpg.rf.d941d9c70e441a5e1df42513a1499884.jpg,1688,948,solar-panels,1421,1,1449,44
DJI_0753_MP4-14_jpg.rf.d941d9c70e441a5e1df42513a1499884.jpg,1688,948,solar-panels,387,193,412,220
DJI_0753_MP4-14_jpg.rf.d941d9c70e441a5e1df42513a1499884.jpg,1688,948,solar-panels,335,222,374,250
DJI_0753_MP4-14_jpg.rf.d941d9c70e441a5e1df42513a1499884.jpg,1688,948,solar-panels,337,248,374,279
DJI_0753_MP4-14_jpg.rf.d941d9c70e441a5e1df42513a1499884.jpg,1688,948,solar-panels,328,274,393,365
DJI_0753_MP4-14_jpg.rf.d941d9c70e441a5e1df42513a1499884.jpg,1688,948,solar-panels,507,427,537,442
DJI_0753_MP4-14_jpg.rf.d941d9c70e441a5e1df42513a1499884.jpg,1688,948,solar-panels,407,500,462,570
DJI_0753_MP4-26_jpg.rf.d3ffe77c3a823d2f09709f437a5828fb.jpg,1898,1068,solar-panels,1361,893,1452,994
DJI_0753_MP4-26_jpg.rf.d3ffe77c3a823d2f09709f437a5828fb.jpg,1898,1068,solar-panels,1450,836,1524,920
DJI_0753_MP4-26_jpg.rf.d3ffe77c3a823d2f09709f437a5828fb.jpg,1898,1068,solar-panels,1500,809,1536,854
DJI_0753_MP4-2_jpg.rf.cdbed28a6c44b0822fa07b47ddbbced5.jpg,1830,1030,solar-panels,1221,357,1400,486
DJI_0753_MP4-2_jpg.rf.cdbed28a6c44b0822fa07b47ddbbced5.jpg,1830,1030,solar-panels,1627,1013,1640,1030
DJI_0753_MP4-2_jpg.rf.cdbed28a6c44b0822fa07b47ddbbced5.jpg,1830,1030,solar-panels,1707,982,1733,1030
DJI_0753_MP4-2_jpg.rf.cdbed28a6c44b0822fa07b47ddbbced5.jpg,1830,1030,solar-panels,842,860,940,1030
DJI_0753_MP4-2_jpg.rf.cdbed28a6c44b0822fa07b47ddbbced5.jpg,1830,1030,solar-panels,824,0,899,68
DJI_0753_MP4-8_jpg.rf.d4e63a31ad0ade4cf19849f5d04920f5.jpg,2026,1140,solar-panels,1085,976,1287,1101
DJI_0753_MP4-16_jpg.rf.cdc00ab424ad6c91e46972ee09e8fdfe.jpg,1748,984,solar-panels,1081,210,1141,302
DJI_0753_MP4-16_jpg.rf.cdc00ab424ad6c91e46972ee09e8fdfe.jpg,1748,984,solar-panels,985,237,1056,324
DJI_0753_MP4-16_jpg.rf.cdc00ab424ad6c91e46972ee09e8fdfe.jpg,1748,984,solar-panels,930,290,1003,359
DJI_0753_MP4-16_jpg.rf.cdc00ab424ad6c91e46972ee09e8fdfe.jpg,1748,984,solar-panels,783,380,948,492
DJI_0753_MP4-16_jpg.rf.cdc00ab424ad6c91e46972ee09e8fdfe.jpg,1748,984,solar-panels,754,390,802,435
DJI_0753_MP4-16_jpg.rf.cdc00ab424ad6c91e46972ee09e8fdfe.jpg,1748,984,solar-panels,787,139,873,241
DJI_0753_MP4-16_jpg.rf.cdc00ab424ad6c91e46972ee09e8fdfe.jpg,1748,984,solar-panels,913,91,947,118
DJI_0753_MP4-16_jpg.rf.cdc00ab424ad6c91e46972ee09e8fdfe.jpg,1748,984,solar-panels,925,101,955,135
DJI_0753_MP4-16_jpg.rf.cdc00ab424ad6c91e46972ee09e8fdfe.jpg,1748,984,solar-panels,941,114,962,148
DJI_0753_MP4-16_jpg.rf.cdc00ab424ad6c91e46972ee09e8fdfe.jpg,1748,984,solar-panels,948,127,974,162
DJI_0753_MP4-16_jpg.rf.cdc00ab424ad6c91e46972ee09e8fdfe.jpg,1748,984,solar-panels,961,143,993,176
DJI_0753_MP4-0_jpg.rf.d75a45619ee8b8d938e10c3d3b1bcc18.jpg,1796,1010,solar-panels,769,342,846,407
DJI_0753_MP4-0_jpg.rf.d75a45619ee8b8d938e10c3d3b1bcc18.jpg,1796,1010,solar-panels,847,432,903,496
DJI_0753_MP4-0_jpg.rf.d75a45619ee8b8d938e10c3d3b1bcc18.jpg,1796,1010,solar-panels,1101,195,1164,407
DJI_0753_MP4-0_jpg.rf.d75a45619ee8b8d938e10c3d3b1bcc18.jpg,1796,1010,solar-panels,1552,895,1796,952
DJI_0753_MP4-0_jpg.rf.d75a45619ee8b8d938e10c3d3b1bcc18.jpg,1796,1010,solar-panels,834,753,929,842
DJI_0753_MP4-0_jpg.rf.d75a45619ee8b8d938e10c3d3b1bcc18.jpg,1796,1010,solar-panels,876,572,938,631
DJI_0753_MP4-3_jpg.rf.debb9fefecb2eb7caefd7949daddb11f.jpg,1820,1022,solar-panels,851,297,1058,550
DJI_0753_MP4-3_jpg.rf.debb9fefecb2eb7caefd7949daddb11f.jpg,1820,1022,solar-panels,1308,880,1496,973
DJI_0753_MP4-3_jpg.rf.debb9fefecb2eb7caefd7949daddb11f.jpg,1820,1022,solar-panels,1285,0,1410,195
DJI_0753_MP4-32_jpg.rf.cf48a565ef39d9d933c58317d42aa085.jpg,1638,920,solar-panels,823,355,913,505
DJI_0753_MP4-4_jpg.rf.db4bae35e226fb425cba50bcf3e3fd32.jpg,1808,1016,solar-panels,869,912,974,1014
DJI_0753_MP4-4_jpg.rf.db4bae35e226fb425cba50bcf3e3fd32.jpg,1808,1016,solar-panels,1211,662,1407,812

DJI_0753_MP4-0_jpg.rf.d25f807d8738f19766b4abfe2be02ee1.jpg,1876,1054,solar-panels,701,288,782,336
DJI_0753_MP4-0_jpg.rf.d25f807d8738f19766b4abfe2be02ee1.jpg,1876,1054,solar-panels,796,373,822,440
DJI_0753_MP4-0_jpg.rf.d25f807d8738f19766b4abfe2be02ee1.jpg,1876,1054,solar-panels,969,160,1161,325
DJI_0753_MP4-0_jpg.rf.d25f807d8738f19766b4abfe2be02ee1.jpg,1876,1054,solar-panels,1824,354,1876,421
DJI_0753_MP4-0_jpg.rf.d25f807d8738f19766b4abfe2be02ee1.jpg,1876,1054,solar-panels,1820,295,1876,349
DJI_0753_MP4-0_jpg.rf.d25f807d8738f19766b4abfe2be02ee1.jpg,1876,1054,solar-panels,1843,258,1874,293
DJI_0753_MP4-0_jpg.rf.d25f807d8738f19766b4abfe2be02ee1.jpg,1876,1054,solar-panels,1527,747,1709,987
DJI_0753_MP4-0_jpg.rf.d25f807d8738f19766b4abfe2be02ee1.jpg,1876,1054,solar-panels,771,684,862,776
DJI_0753_MP4-0_jpg.rf.d25f807d8738f19766b4abfe2be02ee1.jpg,1876,1054,solar-panels,820,507,871,580
DJI_0753_MP4-45_jpg.rf.d7ce2a921dafa8fa8f8641cd17d3a47b.jpg,2026,1140,solar-panels,1949,58,2026,201
DJI_0753_MP4-39_jpg.rf.f3ab85c0b3c7c1dc783b54ae0582ceff.jpg,1996,1122,solar-panels,572,430,613,462
DJI_0753_MP4-39_jpg.rf.f3ab85c0b3c7c1dc783b54ae0582ceff.jpg,1996,1122,solar-panels,598,335,633,390
DJI_0753_MP4-39_jpg.rf.f3ab85c0b3c7c1dc783b54ae0582ceff.jpg,1996,1122,solar-panels,647,318,694,367
DJI_0753_MP4-39_jpg.rf.f3ab85c0b3c7c1dc783b54ae0582ceff.jpg,1996,1122,solar-panels,692,239,782,306
DJI_0753_MP4-39_jpg.rf.f3ab85c0b3c7c1dc783b54ae0582ceff.jpg,1996,1122,solar-panels,767,181,854,229
DJI_0753_MP4-39_jpg.rf.f3ab85c0b3c7c1dc783b54ae0582ceff.jpg,1996,1122,solar-panels,391,353,455,411
DJI_0753_MP4-39_jpg.rf.f3ab85c0b3c7c1dc783b54ae0582ceff.jpg,1996,1122,solar-panels,387,427,440,472
DJI_0753_MP4-20_jpg.rf.e1f41bc16eb8ae108ddc03e9e435e12d.jpg,1864,1048,solar-panels,1037,26,1202,117
DJI_0753_MP4-14_jpg.rf.f344a83bd1a6a5ee44a11a6edc44f364.jpg,1650,928,solar-panels,1495,79,1550,132
DJI_0753_MP4-14_jpg.rf.f344a83bd1a6a5ee44a11a6edc44f364.jpg,1650,928,solar-panels,469,276,502,310
DJI_0753_MP4-14_jpg.rf.f344a83bd1a6a5ee44a11a6edc44f364.jpg,1650,928,solar-panels,423,302,463,344
DJI_0753_MP4-14_jpg.rf.f344a83bd1a6a5ee44a11a6edc44f364.jpg,1650,928,solar-panels,432,331,449,369
DJI_0753_MP4-14_jpg.rf.f344a83bd1a6a5ee44a11a6edc44f364.jpg,1650,928,solar-panels,402,361,486,447
DJI_0753_MP4-14_jpg.rf.f344a83bd1a6a5ee44a11a6edc44f364.jpg,1650,928,solar-panels,591,508,624,533
DJI_0753_MP4-14_jpg.rf.f344a83bd1a6a5ee44a11a6edc44f364.jpg,1650,928,solar-panels,483,601,557,651
DJI_0753_MP4-22_jpg.rf.bbdda3216ed60c88ca4268bfaee4d076.jpg,1942,1092,solar-panels,431,160,498,189
DJI_0753_MP4-22_jpg.rf.bbdda3216ed60c88ca4268bfaee4d076.jpg,1942,1092,solar-panels,418,230,533,273
DJI_0753_MP4-22_jpg.rf.bbdda3216ed60c88ca4268bfaee4d076.jpg,1942,1092,solar-panels,404,267,517,324
DJI_0753_MP4-22_jpg.rf.bbdda3216ed60c88ca4268bfaee4d076.jpg,1942,1092,solar-panels,523,238,607,309
DJI_0753_MP4-25_jpg.rf.e57743bc1e1abc69f5e0975e512f71c0.jpg,1898,1068,solar-panels,1331,332,1407,426
DJI_0753_MP4-25_jpg.rf.e57743bc1e1abc69f5e0975e512f71c0.jpg,1898,1068,solar-panels,1394,284,1499,365
DJI_0753_MP4-25_jpg.rf.e57743bc1e1abc69f5e0975e512f71c0.jpg,1898,1068,solar-panels,1460,241,1500,294
DJI_0753_MP4-30_jpg.rf.e1c021519916f14a3543ef9a1fb4baa1.jpg,1974,1110,solar-panels,504,327,695,406
DJI_0753_MP4-30_jpg.rf.e1c021519916f14a3543ef9a1fb4baa1.jpg,1974,1110,solar-panels,506,49,575,145
DJI_0753_MP4-42_jpg.rf.ef1504b5a1f679c27b97ee8d5889c4c0.jpg,1638,920,solar-panels,53,79,100,172
DJI_0753_MP4-42_jpg.rf.ef1504b5a1f679c27b97ee8d5889c4c0.jpg,1638,920,solar-panels,132,94,154,125
DJI_0753_MP4-42_jpg.rf.ef1504b5a1f679c27b97ee8d5889c4c0.jpg,1638,920,solar-panels,431,152,563,213
DJI_0753_MP4-42_jpg.rf.ef1504b5a1f679c27b97ee8d5889c4c0.jpg,1638,920,solar-panels,1346,238,1423,321
DJI_0753_MP4-42_jpg.rf.ef1504b5a1f679c27b97ee8d5889c4c0.jpg,1638,920,solar-panels,1461,260,1509,301
DJI_0753_MP4-42_jpg.rf.ef1504b5a1f679c27b97ee8d5889c4c0.jpg,1638,920,solar-panels,1528,280,1554,332
DJI_0753_MP4-42_jpg.rf.ef1504b5a1f679c27b97ee8d5889c4c0.jpg,1638,920,solar-panels,1603,242,1629,287
DJI_0753_MP4-37_jpg.rf.fe8d685c19e8c20dbab55d00d0edb3c9.jpg,1932,1086,solar-panels,1626,278,1772,377
DJI_0753_MP4-15_jpg.rf.fc23f62eed5be3ef36797276dcc6d35b.jpg,1724,970,solar-panels,710,927,731,958
DJI_0753_MP4-15_jpg.rf.fc23f62eed5be3ef36797276dcc6d35b.jpg,1724,970,solar-panels,520,795,613,847
DJI_0753_MP4-15_jpg.rf.fc23f62eed5be3ef36797276dcc6d35b.jpg,1724,970,solar-panels,545,757,581,776
DJI_0753_MP4-15_jpg.rf.fc23f62eed5be3ef36797276dcc6d35b.jpg,1724,970,solar-panels,542,720,578,761
DJI_0753_MP4-15_jpg.rf.fc23f62eed5be3ef36797276dcc6d35b.jpg,1724,970,solar-panels,594,698,625,730
DJI_0753_MP4-4_jpg.rf.ed44b70419d10fcd62b6750d2f7d061d.jpg,2026,1140,solar-panels,934,984,990,1138
DJI_0753_MP4-4_jpg.rf.ed44b70419d10fcd62b6750d2f7d061d.jpg,2026,1140,solar-panels,1256,775,1447,842
DJI_0753_MP4-4_jpg.rf.ed44b70419d10fcd62b6750d2f7d061d.jpg,2026,1140,solar-panels,1528,1,1619,99
DJI_0753_MP4-17_jpg.rf.fcf009a476716c51f684ba038aa8c264.jpg,1650,928,solar-panels,1050,851,1123,928
DJI_0753_MP4-17_jpg.rf.fcf009a476716c51f684ba038aa8c264.jpg,1650,928,solar-panels,979,865,1027,925
DJI_0753_MP4-17_jpg.rf.fcf009a476716c51f684ba038aa8c264.jpg,1650,928,solar-panels,902,731,919,763
DJI_0753_MP4-17_jpg.rf.fcf009a476716c51f684ba038aa8c264.jpg,1650,928,solar-panels,903,749,937,772
DJI_0753_MP4-17_jpg.rf.fcf009a476716c51f684ba038aa8c264.jpg,1650,928,solar-panels,913,761,947,788
DJI_0753_MP4-17_jpg.rf.fcf009a476716c51f684ba038aa8c264.jpg,1650,928,solar-panels,923,777,955,798
DJI_0753_MP4-17_jpg.rf.fcf009a476716c51f684ba038aa8c264.jpg,1650,928,solar-panels,944,784,970,819
DJI_0753_MP4-17_jpg.rf.fcf009a476716c51f684ba038aa8c264.jpg,1650,928,solar-panels,780,792,841,881
DJI_0753_MP4-1_jpg.rf.fb621b27b45e4c06d5efce7b8d601904.jpg,1612,906,solar-panels,397,390,449,473
DJI_0753_MP4-1_jpg.rf.fb621b27b45e4c06d5efce7b8d601904.jpg,1612,906,solar-panels,456,485,510,550
DJI_0753_MP4-1_jpg.rf.fb621b27b45e4c06d5efce7b8d601904.jpg,1612,906,solar-panels,483,627,548,686
DJI_0753_MP4-1_jpg.rf.fb621b27b45e4c06d5efce7b8d601904.jpg,1612,906,solar-panels,439,802,521,901
DJI_0753_MP4-1_jpg.rf.fb621b27b45e4c06d5efce7b8d601904.jpg,1612,906,solar-panels,1499,472,1580,546
DJI_0753_MP4-1_jpg.rf.fb621b27b45e4c06d5efce7b8d601904.jpg,1612,906,solar-panels,1513,402,1605,482
DJI_0753_MP4-1_jpg.rf.fb621b27b45e4c06d5efce7b8d601904.jpg,1612,906,solar-panels,1517,380,1596,409
DJI_0753_MP4-1_jpg.rf.fb621b27b45e4c06d5efce7b8d601904.jpg,1612,906,solar-panels,1474,372,1494,392
DJI_0753_MP4-1_jpg.rf.fb621b27b45e4c06d5efce7b8d601904.jpg,1612,906,solar-panels,1554,340,1596,414
DJI_0753_MP4-1_jpg.rf.fb621b27b45e4c06d5efce7b8d601904.jpg,1612,906,solar-panels,648,256,841,435
DJI_0753_MP4-23_jpg.rf.f7317b9cd23a7640758fd855079c0108.jpg,1796,1010,solar-panels,1212,26,1302,145
DJI_0753_MP4-23_jpg.rf.f7317b9cd23a7640758fd855079c0108.jpg,1796,1010,solar-panels,1304,60,1388,170
DJI_0753_MP4-23_jpg.rf.f7317b9cd23a7640758fd855079c0108.jpg,1796,1010,solar-panels,1385,99,1435,153
DJI_0753_MP4-23_jpg.rf.f7317b9cd23a7640758fd855079c0108.jpg,1796,1010,solar-panels,244,776,286,842
DJI_0753_MP4-23_jpg.rf.f7317b9cd23a7640758fd855079c0108.jpg,1796,1010,solar-panels,225,856,332,935
DJI_0753_MP4-23_jpg.rf.f7317b9cd23a7640758fd855079c0108.jpg,1796,1010,solar-panels,232,866,288,976
DJI_0753_MP4-23_jpg.rf.f7317b9cd23a7640758fd855079c0108.jpg,1796,1010,solar-panels,343,884,412,964
DJI_0753_MP4-16_jpg.rf.f20f4f172c45fe93ad31b6923eedc822.jpg,1676,942,solar-panels,1182,130,1280,224
DJI_0753_MP4-16_jpg.rf.f20f4f172c45fe93ad31b6923eedc822.jpg,1676,942,solar-panels,1099,159,1179,245
DJI_0753_MP4-16_jpg.rf.f20f4f172c45fe93ad31b6923eedc822.jpg,1676,942,solar-panels,1051,209,1121,281
DJI_0753_MP4-16_jpg.rf.f20f4f172c45fe93ad31b6923eedc822.jpg,1676,942,solar-panels,915,286,1055,427
DJI_0753_MP4-16_jpg.rf.f20f4f172c45fe93ad31b6923eedc822.jpg,1676,942,solar-panels,876,311,918,357
DJI_0753_MP4-16_jpg.rf.f20f4f172c45fe93ad31b6923eedc822.jpg,1676,942,solar-panels,899,68,1000,153
DJI_0753_MP4-16_jpg.rf.f20f4f172c45fe93ad31b6923eedc822.jpg,1676,942,solar-panels,1033,15,1066,36
DJI_0753_MP4-16_jpg.rf.f20f4f172c45fe93ad31b6923eedc822.jpg,1676,942,solar-panels,1043,28,1077,50
DJI_0753_MP4-16_jpg.rf.f20f4f172c45fe93ad31b6923eedc822.jpg,1676,942,solar-panels,1059,36,1080,71
DJI_0753_MP4-16_jpg.rf.f20f4f172c45fe93ad31b6923eedc822.jpg,1676,942,solar-panels,1063,56,1097,77
DJI_0753_MP4-16_jpg.rf.f20f4f172c45fe93ad31b6923eedc822.jpg,1676,942,solar-panels,1079,65,1112,96
DJI_0753_MP4-9_jpg.rf.eb133274bbe5b650af072ca719ca5ef3.jpg,2036,1146,solar-panels,1233,1090,1277,1146

DJI_0753_MP4-8_jpg.rf.fba074a91326e324a4039f34eec1a37b.jpg,1572,884,solar-panels,790,786,866,884
DJI_0753_MP4-42_jpg.rf.f75b754d3bc3a1a2ec4d4c5b5e948e7c.jpg,1830,1030,solar-panels,242,226,327,285
DJI_0753_MP4-42_jpg.rf.f75b754d3bc3a1a2ec4d4c5b5e948e7c.jpg,1830,1030,solar-panels,343,222,362,257
DJI_0753_MP4-42_jpg.rf.f75b754d3bc3a1a2ec4d4c5b5e948e7c.jpg,1830,1030,solar-panels,5,198,96,242
DJI_0753_MP4-42_jpg.rf.f75b754d3bc3a1a2ec4d4c5b5e948e7c.jpg,1830,1030,solar-panels,47,195,125,266
DJI_0753_MP4-42_jpg.rf.f75b754d3bc3a1a2ec4d4c5b5e948e7c.jpg,1830,1030,solar-panels,89,227,131,254
DJI_0753_MP4-42_jpg.rf.f75b754d3bc3a1a2ec4d4c5b5e948e7c.jpg,1830,1030,solar-panels,95,242,179,261
DJI_0753_MP4-42_jpg.rf.f75b754d3bc3a1a2ec4d4c5b5e948e7c.jpg,1830,1030,solar-panels,165,214,199,241
DJI_0753_MP4-42_jpg.rf.f75b754d3bc3a1a2ec4d4c5b5e948e7c.jpg,1830,1030,solar-panels,147,274,180,300
DJI_0753_MP4-42_jpg.rf.f75b754d3bc3a1a2ec4d4c5b5e948e7c.jpg,1830,1030,solar-panels,671,248,738,377
DJI_0753_MP4-42_jpg.rf.f75b754d3bc3a1a2ec4d4c5b5e948e7c.jpg,1830,1030,solar-panels,1542,396,1643,436
DJI_0753_MP4-42_jpg.rf.f75b754d3bc3a1a2ec4d4c5b5e948e7c.jpg,1830,1030,solar-panels,1673,392,1713,429
DJI_0753_MP4-42_jpg.rf.f75b754d3bc3a1a2ec4d4c5b5e948e7c.jpg,1830,1030,solar-panels,1725,410,1771,463
DJI_0753_MP4-42_jpg.rf.f75b754d3bc3a1a2ec4d4c5b5e948e7c.jpg,1830,1030,solar-panels,1805,380,1828,405
DJI_0753_MP4-10_jpg.rf.feac7fb13f5734409b20f7c1f946824c.jpg,1650,928,solar-panels,412,389,550,459
DJI_0753_MP4-2_jpg.rf.f321bc34dffa2ad1d7c6c966cc6300a5.jpg,1920,1080,solar-panels,1351,343,1502,511
DJI_0753_MP4-2_jpg.rf.f321bc34dffa2ad1d7c6c966cc6300a5.jpg,1920,1080,solar-panels,1738,1022,1760,1038
DJI_0753_MP4-2_jpg.rf.f321bc34dffa2ad1d7c6c966cc6300a5.jpg,1920,1080,solar-panels,1801,1006,1875,1055
DJI_0753_MP4-2_jpg.rf.f321bc34dffa2ad1d7c6c966cc6300a5.jpg,1920,1080,solar-panels,1791,1021,1813,1059
DJI_0753_MP4-2_jpg.rf.f321bc34dffa2ad1d7c6c966cc6300a5.jpg,1920,1080,solar-panels,1819,1042,1858,1062
DJI_0753_MP4-2_jpg.rf.f321bc34dffa2ad1d7c6c966cc6300a5.jpg,1920,1080,solar-panels,1780,1039,1850,1080
DJI_0753_MP4-2_jpg.rf.f321bc34dffa2ad1d7c6c966cc6300a5.jpg,1920,1080,solar-panels,921,879,1091,1047
DJI_0753_MP4-2_jpg.rf.f321bc34dffa2ad1d7c6c966cc6300a5.jpg,1920,1080,solar-panels,656,1022,698,1080
DJI_0753_MP4-2_jpg.rf.f321bc34dffa2ad1d7c6c966cc6300a5.jpg,1920,1080,solar-panels,938,0,1015,67
DJI_0753_MP4-9_jpg.rf.e75514347675ac87ed245b721180fb8d.jpg,1796,1010,solar-panels,1083,974,1145,1007
DJI_0753_MP4-6_jpg.rf.f806033e4007720834a1de7c6c21c05b.jpg,1820,1022,solar-panels,1478,920,1573,1019
DJI_0753_MP4-6_jpg.rf.f806033e4007720834a1de7c6c21c05b.jpg,1820,1022,solar-panels,1367,821,1435,869
DJI_0753_MP4-6_jpg.rf.f806033e4007720834a1de7c6c21c05b.jpg,1820,1022,solar-panels,1518,818,1713,931
DJI_0753_MP4-6_jpg.rf.f806033e4007720834a1de7c6c21c05b.jpg,1820,1022,solar-panels,750,595,805,664
DJI_0753_MP4-6_jpg.rf.f806033e4007720834a1de7c6c21c05b.jpg,1820,1022,solar-panels,773,517,838,591
DJI_0753_MP4-6_jpg.rf.f806033e4007720834a1de7c6c21c05b.jpg,1820,1022,solar-panels,467,0,548,79
DJI_0753_MP4-46_jpg.rf.ed3b21581c532a04945e7aa50047a6d5.jpg,1784,1004,solar-panels,1639,231,1782,319